BIN,country_name,card_brand,card_type,card_level,issuer_name,country_code2,is_valid
400000,UNITED STATES,VISA,CREDIT,TRADITIONAL,INTL HDQTRS-CENTER OWNED,US,True
400001,UNITED STATES,VISA,CREDIT,TRADITIONAL,INTL HDQTRS-CENTER OWNED,US,True
400002,UNITED STATES,VISA,CREDIT,TRADITIONAL,RIVER VALLEY CREDIT UNION,US,True
400003,UNITED STATES,VISA,CREDIT,TRADITIONAL,VISA U.S.A. INC.,US,True
400004,UNITED STATES,VISA,CREDIT,TRADITIONAL,INTL HDQTRS-CENTER OWNED,US,True
400005,UNITED STATES,VISA,DEBIT,BUSINESS,LEWIS &amp; CLARK BANK,US,False
400007,UNITED STATES,VISA,CREDIT,TRADITIONAL,INTL HDQTRS-CENTER OWNED,US,True
400008,UNITED STATES,VISA,CREDIT,TRADITIONAL,INTL HDQTRS-CENTER OWNED,US,True
400009,UNITED STATES,VISA,CREDIT,TRADITIONAL,UNIVERSITY FIRST FEDERAL CREDIT UNION,US,False
400010,UNITED STATES,VISA,CREDIT,TRADITIONAL,UNIVERSITY FIRST FEDERAL CREDIT UNION,US,True
400011,UNITED STATES,VISA,CREDIT,TRADITIONAL REWARDS,UNIVERSITY FIRST FEDERAL CREDIT UNION,US,False
400012,UNITED STATES,VISA,DEBIT,BUSINESS,UNITED CITIZENS BANK OF SOUTHERN KENTUCKY,US,False
400013,UNITED STATES,VISA,DEBIT,CLASSIC,UNITED CITIZENS BANK OF SOUTHERN KENTUCKY,US,True
400014,UNITED STATES,VISA,DEBIT,PREPAID PRIVATE LABEL,,US,False
400015,UNITED STATES,VISA,DEBIT,CLASSIC,INTL HDQTRS-CENTER OWNED,US,True
400020,UNITED STATES,VISA,CREDIT,TRADITIONAL,INTL HDQTRS-CENTER OWNED,US,True
400021,UNITED STATES,VISA,CREDIT,TRADITIONAL,INTL HDQTRS-CENTER OWNED,US,True
400022,UNITED STATES,VISA,DEBIT,CLASSIC,NAVY FEDERAL CREDIT UNION,US,False
400023,UNITED STATES,VISA,DEBIT,BUSINESS,NAVY FEDERAL CREDIT UNION,US,True
400024,UNITED STATES,VISA,CREDIT,SIGNATURE,NEW HAMPSHIRE FEDERAL CREDIT UNION,US,True
400025,UNITED STATES,VISA,CREDIT,TRADITIONAL,INTL HDQTRS-CENTER OWNED,US,True
400026,UNITED STATES,VISA,CREDIT,TRADITIONAL,INTL HDQTRS-CENTER OWNED,US,True
400027,UNITED STATES,VISA,CREDIT,TRADITIONAL,INTL HDQTRS-CENTER OWNED,US,True
400028,UNITED STATES,VISA,DEBIT,CLASSIC,THE DONLEY COUNTY STATE BANK,US,False
400029,UNITED STATES,VISA,DEBIT,CLASSIC,IOWA STATE BANK,US,False
400030,UNITED STATES,VISA,CREDIT,TRADITIONAL,INTL HDQTRS-CENTER OWNED,US,True
400031,UNITED STATES,VISA,CREDIT,TRADITIONAL,INTL HDQTRS-CENTER OWNED,US,True
400039,UNITED STATES,VISA,CREDIT,TRADITIONAL,INTL HDQTRS-CENTER OWNED,US,True
400041,UNITED STATES,VISA,DEBIT,PREPAID,BBVA USA,US,False
400046,UNITED STATES,VISA,DEBIT,PREPAID,METROPOLITAN COMMERCIAL BANK,US,False
400047,UNITED STATES,VISA,DEBIT,PREPAID CLASSIC,NBKC BANK,US,True
400048,UNITED STATES,VISA,CREDIT,TRADITIONAL,INTL HDQTRS-CENTER OWNED,US,True
400049,UNITED STATES,VISA,DEBIT,BUSINESS,MISSION BANK,US,True
400050,UNITED STATES,VISA,CREDIT,TRADITIONAL,INTL HDQTRS-CENTER OWNED,US,True
400051,UNITED STATES,VISA,CREDIT,TRADITIONAL,INTL HDQTRS-CENTER OWNED,US,True
400052,UNITED STATES,VISA,DEBIT,BUSINESS,IOWA STATE BANK,US,True
400053,UNITED STATES,VISA,CREDIT,TRADITIONAL,INTL HDQTRS-CENTER OWNED,US,True
400054,UNITED STATES,VISA,DEBIT,PREPAID RELOADABLE,METABANK,US,True
400055,UNITED STATES,VISA,CREDIT,BUSINESS,HIWAY CREDIT UNION,US,False
400056,UNITED STATES,VISA,CREDIT,TRADITIONAL,INTL HDQTRS-CENTER OWNED,US,True
400057,UNITED STATES,VISA,DEBIT,PREPAID WORKPLACE BENEFITS,"PNC BANK, NATIONAL ASSOCIATION",US,False
400058,UNITED STATES,VISA,CREDIT,TRADITIONAL,INTL HDQTRS-CENTER OWNED,US,True
400059,UNITED STATES,VISA,DEBIT,CLASSIC,GREATER NEVADA CREDIT UNION,US,True
400061,UNITED STATES,VISA,CREDIT,TRADITIONAL,U.S. REGION,US,True
400062,UNITED STATES,VISA,CREDIT,BUSINESS,DESCO FEDERAL CREDIT UNION,US,False
400063,UNITED STATES,VISA,DEBIT,CLASSIC,THE BANK OF MISSOURI,US,True
400064,UNITED STATES,VISA,DEBIT,BUSINESS,FARMERS BANK AND TRUST COMPANY,US,False
400065,UNITED STATES,VISA,CREDIT,,,US,False
400070,UNITED STATES,VISA,CREDIT,,,US,False
400072,UNITED STATES,VISA,CREDIT,,,US,False
400074,UNITED STATES,VISA,CREDIT,,,US,False
400075,UNITED STATES,VISA,CREDIT,,,US,False
400081,UNITED STATES,VISA,CREDIT,,,US,False
400082,UNITED STATES,VISA,CREDIT,,,US,False
400083,UNITED STATES,VISA,CREDIT,,,US,False
400084,UNITED STATES,VISA,CREDIT,,,US,False
400085,UNITED STATES,VISA,CREDIT,,,US,False
400086,UNITED STATES,VISA,CREDIT,,,US,False
400087,UNITED STATES,VISA,CREDIT,TRADITIONAL,INTL HDQTRS-CENTER OWNED,US,True
400088,UNITED STATES,VISA,CREDIT,,,US,False
400089,UNITED STATES,VISA,CREDIT,,,US,False
400090,UNITED STATES,VISA,CREDIT,TRADITIONAL,DEPARTMENT OF COMMERCE FEDERAL CREDIT UNION,US,False
400091,UNITED STATES,VISA,CREDIT,,,US,False
400092,UNITED STATES,VISA,CREDIT,,,US,False
400093,UNITED STATES,VISA,CREDIT,TRADITIONAL,DEPARTMENT OF COMMERCE FEDERAL CREDIT UNION,US,False
400094,UNITED STATES,VISA,CREDIT,,"STAR NETWORKS, INC.",US,False
400095,UNITED STATES,VISA,CREDIT,TRADITIONAL,DEPARTMENT OF COMMERCE FEDERAL CREDIT UNION,US,False
400096,UNITED STATES,VISA,CREDIT,BUSINESS,FIRST SERVICE CREDIT UNION,US,False
400097,UNITED STATES,VISA,CREDIT,,,US,False
400099,UNITED STATES,VISA,CREDIT,,,US,False
400100,UNITED STATES,VISA,CREDIT,BUSINESS,SRP FEDERAL CREDIT UNION,US,False
400101,UNITED STATES,VISA,DEBIT,BUSINESS,COMMERCIAL BANK OF CALIFORNIA,US,False
400105,UNITED STATES,VISA,DEBIT,BUSINESS,TEXAS BANK AND TRUST COMPANY,US,True
400108,UNITED STATES,VISA,CREDIT,,,US,False
400110,UNITED STATES,VISA,CREDIT,,FIFTH THIRD BANK,US,False
400111,UNITED STATES,VISA,CREDIT,,FIFTH THIRD BANK,US,False
400113,UNITED STATES,VISA,DEBIT,CLASSIC,THE PAULS VALLEY NATIONAL BANK,US,True
400114,UNITED STATES,VISA,DEBIT,CLASSIC,FIFTH THIRD BANK,US,False
400116,UNITED STATES,VISA,CREDIT,BUSINESS,FIRST FINANCIAL BANK,US,False
400117,UNITED STATES,VISA,CREDIT,,,US,False
400118,UNITED STATES,VISA,CREDIT,,,US,True
400119,UNITED STATES,VISA,DEBIT,BUSINESS,,US,False
400120,UNITED STATES,VISA,CREDIT,BUSINESS,BANK OF THE JAMES,US,False
400122,UNITED STATES,VISA,DEBIT,CLASSIC,THE HOME TRUST &amp; SAVINGS BANK,US,True
400123,UNITED STATES,VISA,DEBIT,PREPAID CLASSIC,"PNC BANK, NATIONAL ASSOCIATION",US,False
400125,UNITED STATES,VISA,CREDIT,TRADITIONAL,CITIZENS&#039; BANK &amp; TRUST CO.,US,True
400127,UNITED STATES,VISA,DEBIT,PREPAID CLASSIC,"TBBK CARD SERVICES, INC.",US,False
400134,UNITED STATES,VISA,CREDIT,,,US,False
400135,UNITED STATES,VISA,CREDIT,,"PLUS SYSTEM, INC.",US,False
400137,UNITED STATES,VISA,CREDIT,BUSINESS,KNOXVILLE TVA EMPLOYEES CREDIT UNION,US,True
400140,UNITED STATES,VISA,DEBIT,BUSINESS,FIRST COMMUNITY BANK OF THE OZARKS,US,False
400143,UNITED STATES,VISA,CREDIT,,"ITS, INC.",US,False
400144,UNITED STATES,VISA,CREDIT,,,US,False
400145,UNITED STATES,VISA,DEBIT,BUSINESS,THE DONLEY COUNTY STATE BANK,US,True
400146,UNITED STATES,VISA,DEBIT,CLASSIC,"TD BANK, NATIONAL ASSOCIATION",US,False
400147,UNITED STATES,VISA,CREDIT,TRADITIONAL,CASEBINE COMMUNITY CREDIT UNION,US,True
400151,UNITED STATES,VISA,CREDIT,TRADITIONAL,"WELLS FARGO BANK, NATIONAL ASSOCIATION",US,False
400157,UNITED STATES,VISA,DEBIT,BUSINESS,CORE BANK,US,False
400158,UNITED STATES,VISA,DEBIT,CLASSIC,THE SOUTHERN CREDIT UNION,US,True
400161,UNITED STATES,VISA,CREDIT,,,US,False
400164,UNITED STATES,VISA,CREDIT,TRADITIONAL,SRP FEDERAL CREDIT UNION,US,False
400165,UNITED STATES,VISA,CREDIT,SIGNATURE,SRP FEDERAL CREDIT UNION,US,False
400166,UNITED STATES,VISA,DEBIT,CLASSIC,CORE CREDIT UNION,US,True
400167,UNITED STATES,VISA,DEBIT,CLASSIC,REPUBLIC BANK &amp; TRUST COMPANY,US,True
400169,UNITED STATES,VISA,CREDIT,CLASSIC,NEW HORIZONS CREDIT UNION,US,False
400172,UNITED STATES,VISA,CREDIT,TRADITIONAL,CITIZENS&#039; BANK &amp; TRUST CO.,US,True
400173,UNITED STATES,VISA,CREDIT,TRADITIONAL,"WELLS FARGO BANK, NATIONAL ASSOCIATION",US,False
400175,UNITED STATES,VISA,CREDIT,,"WELLS FARGO BANK, N.A.",US,False
400177,UNITED STATES,VISA,DEBIT,CLASSIC,ELGA CREDIT UNION,US,True
400179,UNITED STATES,VISA,CREDIT,SIGNATURE,"TCM BANK, NATIONAL ASSOCIATION",US,False
400180,UNITED STATES,VISA,DEBIT,BUSINESS,COMMUNITY STATE BANK,US,True
400181,UNITED STATES,VISA,CREDIT,BUSINESS,HERITAGE SOUTH CREDIT UNION,US,True
400183,UNITED STATES,VISA,DEBIT,BUSINESS,GREAT RIVER FEDERAL CREDIT UNION,US,True
400186,UNITED STATES,VISA,DEBIT,BUSINESS,THE PAULS VALLEY NATIONAL BANK,US,False
400187,UNITED STATES,VISA,DEBIT,BUSINESS,ASPEN FEDERAL CREDIT UNION,US,False
400189,UNITED STATES,VISA,DEBIT,ELECTRON,PINNACLE FEDERAL CREDIT UNION,US,False
400197,UNITED STATES,VISA,DEBIT,CLASSIC,JESSOP COMMUNITY FEDERAL CREDIT UNION,US,True
400202,UNITED STATES,VISA,CREDIT,,JHA PAYMENT PROCESSING SOLUTIONS,US,False
400205,UNITED STATES,VISA,CREDIT,TRADITIONAL,"WELLS FARGO BANK, NATIONAL ASSOCIATION",US,False
400206,UNITED STATES,VISA,DEBIT,PREPAID CLASSIC,HUDSON VALLEY CREDIT UNION,US,False
400207,UNITED STATES,VISA,CREDIT,,,US,False
400209,UNITED STATES,VISA,DEBIT,BUSINESS,HOMESTEAD BANK,US,True
400210,UNITED STATES,VISA,CREDIT,,,US,False
400218,UNITED STATES,VISA,DEBIT,CLASSIC,BEACON CREDIT UNION,US,True
400220,UNITED STATES,VISA,CREDIT,TRADITIONAL,"WELLS FARGO BANK, NATIONAL ASSOCIATION",US,False
400224,UNITED STATES,VISA,CREDIT,,,US,False
400226,UNITED STATES,VISA,DEBIT,CLASSIC,BLACKHAWK COMMUNITY CREDIT UNION,US,True
400229,UNITED STATES,VISA,CREDIT,BUSINESS,"CAPITAL ONE, NATIONAL ASSOCIATION",US,True
400231,UNITED STATES,VISA,DEBIT,CLASSIC,NBKC BANK,US,True
400232,UNITED STATES,VISA,DEBIT,CLASSIC,"COMMERCE BANCSHARES, INC.",US,True
400233,UNITED STATES,VISA,CREDIT,,,US,False
400236,UNITED STATES,VISA,CREDIT,CLASSIC,MERITRUST FEDERAL CREDIT UNION,US,True
400237,UNITED STATES,VISA,CREDIT,TRADITIONAL,NEIGHBORHOOD CREDIT UNION,US,True
400239,UNITED STATES,VISA,DEBIT,CLASSIC,LINEAGE BANK,US,True
400241,UNITED STATES,VISA,DEBIT,CLASSIC,GRASSLANDS FEDERAL CREDIT UNION,US,True
400242,UNITED STATES,VISA,CREDIT,CLASSIC,,US,False
400243,UNITED STATES,VISA,CREDIT,BUSINESS,NEIGHBORHOOD CREDIT UNION,US,False
400245,UNITED STATES,VISA,DEBIT,BUSINESS,MERITRUST FEDERAL CREDIT UNION,US,False
400249,UNITED STATES,VISA,DEBIT,CLASSIC,FAYETTE FEDERAL EMPLOYEES FEDERAL CREDIT UNION,US,True
400250,UNITED STATES,VISA,CREDIT,,,US,False
400251,UNITED STATES,VISA,CREDIT,TRADITIONAL,I-C FEDERAL CREDIT UNION,US,True
400255,UNITED STATES,VISA,DEBIT,BUSINESS,FIRE FIGHTERS CREDIT UNION,US,False
400257,UNITED STATES,VISA,CREDIT,TRADITIONAL REWARDS,"WRIGHT-PATT CREDIT UNION, INC.",US,True
400262,UNITED STATES,VISA,DEBIT,CLASSIC,PACE RESOURCES FEDERAL CREDIT UNION,US,True
400263,UNITED STATES,VISA,CREDIT,BUSINESS,OAKSTAR BANK,US,False
400264,UNITED STATES,VISA,DEBIT,CLASSIC,WISCONSIN RIVER BANK,US,False
400265,UNITED STATES,VISA,DEBIT,CLASSIC,"SOUTHTRUST BANK, N.A.",US,False
400266,UNITED STATES,VISA,DEBIT,BUSINESS,COLUMBIA COMMUNITY CREDIT UNION,US,True
400269,UNITED STATES,VISA,DEBIT,CLASSIC,BRIGHTVIEW FEDERAL CREDIT UNION,US,False
400275,UNITED STATES,VISA,CREDIT,BUSINESS,BANK OF AMERICA - COMMERCIAL CREDIT,US,False
400278,UNITED STATES,VISA,CREDIT,TRADITIONAL,"WELLS FARGO BANK, NATIONAL ASSOCIATION",US,False
400279,UNITED STATES,VISA,DEBIT,CLASSIC,THE FIRST STATE BANK,US,False
400280,UNITED STATES,VISA,CREDIT,CORPORATE T&amp;E,BAXTER CREDIT UNION,US,False
400281,UNITED STATES,VISA,CREDIT,CORPORATE T&amp;E,"COMMUNITY WEST BANK, NATIONAL ASSOCIATION",US,False
400283,UNITED STATES,VISA,DEBIT,CLASSIC,SERVICE CREDIT UNION,US,True
400284,UNITED STATES,VISA,DEBIT,CLASSIC,LOCAL BANK,US,True
400285,UNITED STATES,VISA,CREDIT,CLASSIC,PINAL COUNTY FEDERAL CREDIT UNION,US,True
400287,UNITED STATES,VISA,DEBIT,BUSINESS,OLD WEST FEDERAL CREDIT UNION,US,False
400294,UNITED STATES,VISA,DEBIT,BUSINESS,THE NORTH SALEM STATE BANK,US,False
400295,UNITED STATES,VISA,CREDIT,TRADITIONAL,GEORGIA HERITAGE FEDERAL CREDIT UNION,US,False
400296,UNITED STATES,VISA,DEBIT,CLASSIC,FIRST GUARANTY BANK,US,False
400297,UNITED STATES,VISA,DEBIT,CLASSIC,COOSA VALLEY CREDIT UNION,US,True
400298,UNITED STATES,VISA,DEBIT,CLASSIC,YAMPA VALLEY BANK,US,True
400299,UNITED STATES,VISA,CREDIT,TRADITIONAL,"WELLS FARGO BANK, NATIONAL ASSOCIATION",US,False
400300,UNITED STATES,VISA,CREDIT,,"GLOBAL PAYMENTS, INC.",US,False
400304,UNITED STATES,VISA,CREDIT,TRADITIONAL,JOHNSON BANK,US,False
400305,UNITED STATES,VISA,DEBIT,CLASSIC,NICOLET NATIONAL BANK,US,False
400314,UNITED STATES,VISA,CREDIT,BUSINESS,INNOVATIONS FINANCIAL CREDIT UNION,US,False
400315,UNITED STATES,VISA,CREDIT,TRADITIONAL,INNOVATIONS FINANCIAL CREDIT UNION,US,True
400327,UNITED STATES,VISA,DEBIT,BUSINESS,GENOA COMMUNITY BANK,US,True
400328,UNITED STATES,VISA,CREDIT,CLASSIC,HOUSTON TEXAS FIRE FIGHTERS FEDERAL CREDIT UNION,US,True
400337,UNITED STATES,VISA,CREDIT,BUSINESS,BANK OF AMERICA - COMMERCIAL CREDIT,US,False
400338,UNITED STATES,VISA,CREDIT,BUSINESS,BANK OF AMERICA - COMMERCIAL CREDIT,US,False
400339,UNITED STATES,VISA,DEBIT,CLASSIC,MAINE COMMUNITY BANK,US,False
400341,UNITED STATES,VISA,DEBIT,PREPAID,"FIDELITY NATIONAL INFORMATION SERVICES, INC.",US,False
400342,UNITED STATES,VISA,DEBIT,CLASSIC,COPPER &amp; GLASS FEDERAL CREDIT UNION,US,True
400343,UNITED STATES,VISA,DEBIT,BUSINESS,MUNICIPAL TRUST AND SAVINGS BANK,US,True
400344,UNITED STATES,VISA,CREDIT,TRADITIONAL,"CAPITAL ONE, NATIONAL ASSOCIATION",US,False
400348,UNITED STATES,VISA,DEBIT,PREPAID CLASSIC,"TIB, NATIONAL ASSOCIATION",US,True
400349,UNITED STATES,VISA,DEBIT,BUSINESS,THE FIRST STATE BANK,US,False
400351,UNITED STATES,VISA,DEBIT,PREPAID CLASSIC,"NEW PEOPLES BANK, INC.",US,False
400352,UNITED STATES,VISA,CREDIT,TRADITIONAL,"WELLS FARGO BANK, NATIONAL ASSOCIATION",US,False
400354,UNITED STATES,VISA,CREDIT,TRADITIONAL REWARDS,TRUE SKY FEDERAL CREDIT UNION,US,True
400364,UNITED STATES,VISA,CREDIT,CLASSIC,TEXAS BANK AND TRUST COMPANY,US,False
400365,UNITED STATES,VISA,CREDIT,BUSINESS,TEXAS BANK AND TRUST COMPANY,US,False
400366,UNITED STATES,VISA,DEBIT,BUSINESS,WOODSBORO BANK,US,True
400367,UNITED STATES,VISA,CREDIT,BUSINESS,FIRST NATIONAL BANK OF OMAHA,US,True
400368,UNITED STATES,VISA,DEBIT,BUSINESS,NORTH VALLEY BANK,US,False
400369,UNITED STATES,VISA,CREDIT,,,US,False
400371,UNITED STATES,VISA,DEBIT,BUSINESS,CAYUGA LAKE NATIONAL BANK,US,False
400372,UNITED STATES,VISA,CREDIT,TRADITIONAL,"WELLS FARGO BANK, NATIONAL ASSOCIATION",US,False
400373,UNITED STATES,VISA,DEBIT,CLASSIC,HARBOR BANK OF MARYLAND,US,False
400374,UNITED STATES,VISA,DEBIT,BUSINESS,THE HARBOR BANK OF MARYLAND,US,True
400375,UNITED STATES,VISA,CREDIT,BUSINESS,FIRST ARKANSAS BANK AND TRUST,US,True
400380,UNITED STATES,VISA,DEBIT,BUSINESS,FARMERS STATE BANK OF CALHAN,US,False
400381,UNITED STATES,VISA,DEBIT,BUSINESS,ROGUE CREDIT UNION,US,True
400382,UNITED STATES,VISA,DEBIT,BUSINESS,THE MONTICELLO BANKING COMPANY,US,True
400383,UNITED STATES,VISA,CREDIT,BUSINESS,GLOBAL FEDERAL CREDIT UNION,US,True
400384,UNITED STATES,VISA,DEBIT,CLASSIC,FIRST HORIZON BANK,US,False
400386,UNITED STATES,VISA,DEBIT,CLASSIC,VALLEY NATIONAL BANK,US,True
400387,UNITED STATES,VISA,DEBIT,BUSINESS,TRI COUNTIES BANK,US,True
400388,UNITED STATES,VISA,CREDIT,CLASSIC,TEXAS BANK AND TRUST COMPANY,US,False
400390,UNITED STATES,VISA,CREDIT,BUSINESS,BANK OF AMERICA - COMMERCIAL CREDIT,US,False
400391,UNITED STATES,VISA,DEBIT,CLASSIC,FIRST UNITED BANK,US,True
400394,UNITED STATES,VISA,CREDIT,TRADITIONAL,"WELLS FARGO BANK, NATIONAL ASSOCIATION",US,False
400395,UNITED STATES,VISA,CREDIT,TRADITIONAL REWARDS,ACADEMIC FEDERAL CREDIT UNION,US,False
400397,UNITED STATES,VISA,CREDIT,TRADITIONAL,FREEDOM BANK,US,False
400398,UNITED STATES,VISA,CREDIT,BUSINESS,CLEVELAND STATE BANK,US,False
400400,UNITED STATES,VISA,CREDIT,,,US,False
400401,UNITED STATES,VISA,DEBIT,CLASSIC,"CENTRAL VERMONT MEDICAL CENTER, INC. CREDIT UNION",US,False
400402,UNITED STATES,VISA,CREDIT,BUSINESS,PINAL COUNTY FEDERAL CREDIT UNION,US,False
400403,UNITED STATES,VISA,DEBIT,CLASSIC,PRECISION FEDERAL CREDIT UNION,US,True
400404,UNITED STATES,VISA,CREDIT,TRADITIONAL,STEARNS BANK NATIONAL ASSOCIATION,US,True
400405,UNITED STATES,VISA,CREDIT,,TOWNEBANK,US,True
400406,UNITED STATES,VISA,DEBIT,CLASSIC,"THIRD COAST BANK, SSB",US,False
400407,UNITED STATES,VISA,DEBIT,CLASSIC,ELECTRUS FEDERAL CREDIT UNION,US,False
400408,UNITED STATES,VISA,DEBIT,BUSINESS,OPUS BANK,US,False
400409,UNITED STATES,VISA,DEBIT,CLASSIC,NEBRASKA BANK OF COMMERCE,US,True
400410,UNITED STATES,VISA,DEBIT,BUSINESS,NEBRASKA BANK OF COMMERCE,US,False
400411,UNITED STATES,VISA,DEBIT,PREPAID CLASSIC,"THE BANCORP BANK, NATIONAL ASSOCIATION",US,False
400412,UNITED STATES,VISA,DEBIT,PREPAID CLASSIC,SUTTON BANK,US,True
400413,UNITED STATES,VISA,DEBIT,CLASSIC,PACIFIC WESTERN BANK,US,False
400414,UNITED STATES,VISA,DEBIT,CLASSIC,MISSISSIPPI HIGHWAY SAFETY PATROL FEDERAL CREDIT UNION,US,True
400416,UNITED STATES,VISA,CREDIT,,,US,False
400417,UNITED STATES,VISA,CREDIT,,,US,False
400418,UNITED STATES,VISA,CREDIT,,,US,False
400419,UNITED STATES,VISA,CREDIT,,,US,False
400420,UNITED STATES,VISA,CREDIT,TRADITIONAL,EVOLVE BANK &amp; TRUST,US,False
400421,UNITED STATES,VISA,CREDIT,TRADITIONAL,GREEN DOT BANK DBA BONNEVILLE BANK,US,False
400422,UNITED STATES,VISA,CREDIT,SIGNATURE,JEFFERSON CREDIT UNION,US,True
400423,UNITED STATES,VISA,DEBIT,CLASSIC,POWER FINANCIAL CREDIT UNION,US,True
400424,UNITED STATES,VISA,DEBIT,CLASSIC,EVERGREEN DIRECT CREDIT UNION,US,True
400425,UNITED STATES,VISA,DEBIT,PREPAID,"WELLS FARGO BANK, N.A.",US,False
400426,UNITED STATES,VISA,CREDIT,BUSINESS,U.S. BANK NATIONAL ASSOCIATION-CREDIT,US,False
400427,UNITED STATES,VISA,CREDIT,BUSINESS,U.S. BANK NATIONAL ASSOCIATION-CREDIT,US,False
400428,UNITED STATES,VISA,CREDIT,BUSINESS,U.S. BANK NATIONAL ASSOCIATION-CREDIT,US,False
400429,UNITED STATES,VISA,DEBIT,BUSINESS,"U.S. BANK, N.A.",US,False
400430,UNITED STATES,VISA,DEBIT,PREPAID CLASSIC,AURGROUP FINANCIAL CREDIT UNION,US,True
400431,UNITED STATES,VISA,CREDIT,TRADITIONAL,COASTAL COMMUNITY BANK,US,True
400432,UNITED STATES,VISA,CREDIT,,,US,False
400433,UNITED STATES,VISA,CREDIT,,,US,False
400434,UNITED STATES,VISA,CREDIT,,,US,False
400435,UNITED STATES,VISA,CREDIT,,,US,False
400436,UNITED STATES,VISA,CREDIT,,,US,False
400442,UNITED STATES,VISA,DEBIT,CLASSIC,POWER FINANCIAL CREDIT UNION,US,True
400445,UNITED STATES,VISA,CREDIT,,,US,False
400460,UNITED STATES,VISA,DEBIT,CLASSIC,FIRST STATE BANK OF SAUK CENTRE,US,True
400461,UNITED STATES,VISA,DEBIT,PREPAID CLASSIC,"ABBEY CREDIT UNION, INC.",US,True
400463,UNITED STATES,VISA,CREDIT,TRADITIONAL,PRIME FINANCIAL CREDIT UNION,US,False
400464,UNITED STATES,VISA,CREDIT,CLASSIC,SOVITA CREDIT UNION,US,
400471,UNITED STATES,VISA,CREDIT,CLASSIC,BLACKHAWK COMMUNITY CREDIT UNION,US,True
400472,UNITED STATES,VISA,DEBIT,CLASSIC,"AMERICAN BANK &amp; TRUST COMPANY, INC.",US,True
400476,UNITED STATES,VISA,DEBIT,PLATINUM,,US,False
400477,UNITED STATES,VISA,DEBIT,BUSINESS,"THE CITIZENS STATE BANK OF CHENEY, KANSAS",US,False
400478,UNITED STATES,VISA,CREDIT,,,US,False
400482,UNITED STATES,VISA,CREDIT,,,US,False
400492,UNITED STATES,VISA,DEBIT,BUSINESS,CNB BANK,US,True
400493,UNITED STATES,VISA,CREDIT,BUSINESS,ICBA BANCARD,US,False
400494,UNITED STATES,VISA,CREDIT,BUSINESS,MCT CREDIT UNION,US,False
400498,UNITED STATES,VISA,CREDIT,TRADITIONAL REWARDS,DELTA COMMUNITY CREDIT UNION,US,True
400500,UNITED STATES,VISA,DEBIT,BUSINESS,UTAH FIRST FEDERAL CREDIT UNION,US,False
400501,UNITED STATES,VISA,CREDIT,BUSINESS,UTAH FIRST FEDERAL CREDIT UNION,US,False
400502,UNITED STATES,VISA,CREDIT,BUSINESS,FREEDOM CREDIT UNION,US,False
400503,UNITED STATES,VISA,DEBIT,PREPAID CLASSIC,SUTTON BANK,US,True
400504,UNITED STATES,VISA,CREDIT,TRADITIONAL,WYHY FEDERAL CREDIT UNION,US,True
400505,UNITED STATES,VISA,CREDIT,CLASSIC,TRUNORTH FEDERAL CREDIT UNION,US,True
400506,UNITED STATES,VISA,DEBIT,CLASSIC,NORFOLK FIRE DEPARTMENT FEDERAL CREDIT UNION,US,True
400507,UNITED STATES,VISA,CREDIT,TRADITIONAL,DEXSTA FEDERAL CREDIT UNION,US,True
400508,UNITED STATES,VISA,CREDIT,CLASSIC,CENTRAL JERSEY POLICE &amp; FIRE FEDERAL CREDIT UNION,US,True
400509,UNITED STATES,VISA,CREDIT,CLASSIC,MEMPHIS CITY EMPLOYEES CREDIT UNION,US,False
400510,UNITED STATES,VISA,DEBIT,PREPAID WORKPLACE BENEFITS,"THE BANCORP BANK, NATIONAL ASSOCIATION",US,True
400511,UNITED STATES,VISA,DEBIT,PREPAID HEALTHCARE,BANCORP BANK,US,False
400512,UNITED STATES,VISA,DEBIT,CLASSIC,LUZERNE COUNTY FEDERAL CREDIT UNION,US,True
400513,UNITED STATES,VISA,DEBIT,CLASSIC,ATTLEBORO MUNICIPAL EMPLOYEES FEDERAL CREDIT UNION,US,True
400514,UNITED STATES,VISA,DEBIT,PREPAID CLASSIC,"PATHWARD, N.A.",US,False
400516,UNITED STATES,VISA,DEBIT,CLASSIC,REPUBLIC BANK &amp; TRUST COMPANY,US,True
400517,UNITED STATES,VISA,DEBIT,BUSINESS,DECATUR EARTHMOVER CREDIT UNION,US,False
400518,UNITED STATES,VISA,DEBIT,CLASSIC,NORTHERN COMMUNITIES CREDIT UNION,US,True
400519,UNITED STATES,VISA,CREDIT,TRADITIONAL,VYSTAR CREDIT UNION,US,False
400520,UNITED STATES,VISA,CREDIT,SIGNATURE,VYSTAR CREDIT UNION,US,False
400521,UNITED STATES,VISA,DEBIT,CLASSIC,DOMINION ENERGY CREDIT UNION,US,True
400525,UNITED STATES,VISA,DEBIT,CLASSIC,1ST EQUITY BANK,US,False
400526,UNITED STATES,VISA,DEBIT,CLASSIC,NEW ENGLAND FEDERAL CREDIT UNION,US,False
400527,UNITED STATES,VISA,DEBIT,PREPAID,1ST EQUITY BANK,US,False
400528,UNITED STATES,VISA,DEBIT,PREPAID CLASSIC,BANGOR SAVINGS BANK,US,True
400529,UNITED STATES,VISA,DEBIT,BUSINESS,"SPENCER SAVINGS BANK, SLA",US,False
400530,UNITED STATES,VISA,CREDIT,TRADITIONAL,PERFECT CIRCLE CREDIT UNION,US,False
400531,UNITED STATES,VISA,CREDIT,TRADITIONAL,PERFECT CIRCLE CREDIT UNION,US,False
400534,UNITED STATES,VISA,DEBIT,PREPAID CLASSIC,SUTTON BANK,US,False
400535,UNITED STATES,VISA,CREDIT,,,US,False
400537,UNITED STATES,VISA,DEBIT,CLASSIC,APEX BANK,US,False
400538,UNITED STATES,VISA,DEBIT,BUSINESS,EVOLVE BANK &amp; TRUST,US,False
400539,UNITED STATES,VISA,CREDIT,,AMALGAMATED BANK OF CHICAGO,US,False
400540,UNITED STATES,VISA,DEBIT,PREPAID,"U.S. BANK, N.A.",US,False
400542,UNITED STATES,VISA,DEBIT,PREPAID CLASSIC,BANGOR SAVINGS BANK,US,True
400543,UNITED STATES,VISA,DEBIT,PREPAID CLASSIC,SUTTON BANK,US,True
400544,UNITED STATES,VISA,DEBIT,PREPAID,"U.S. BANK, N.A.",US,False
400545,UNITED STATES,VISA,DEBIT,PREPAID CLASSIC,SUTTON BANK,US,True
400546,UNITED STATES,VISA,CREDIT,CLASSIC,LIBERTY BANK,US,False
400547,UNITED STATES,VISA,DEBIT,BUSINESS,PATTERSON STATE BANK,US,False
400548,UNITED STATES,VISA,DEBIT,PREPAID CLASSIC,BANGOR SAVINGS BANK,US,False
400551,UNITED STATES,VISA,CREDIT,CORPORATE T&amp;E,LATIN AMERICA AND CARIBBEAN REGION,US,True
400552,UNITED STATES,VISA,CREDIT,CORPORATE T&amp;E,INTL HDQTRS-CENTER OWNED,US,True
400554,UNITED STATES,VISA,CREDIT,TRADITIONAL,INTL HDQTRS-CENTER OWNED,US,True
400555,UNITED STATES,VISA,DEBIT,CLASSIC,U.S. REGION,US,True
400556,UNITED STATES,VISA,DEBIT,CLASSIC,U.S. REGION,US,True
400559,UNITED STATES,VISA,CREDIT,TRADITIONAL,"WELLS FARGO BANK, NATIONAL ASSOCIATION",US,False
400560,UNITED STATES,VISA,CREDIT,TRADITIONAL,VISA U.S.A. INC.,US,True
400561,UNITED STATES,VISA,CREDIT,TRADITIONAL,LATIN AMERICA AND CARIBBEAN REGION,US,True
400563,UNITED STATES,VISA,CREDIT,,,US,False
400564,UNITED STATES,VISA,DEBIT,CLASSIC,"STRIDE BANK, N.A.",US,False
400565,UNITED STATES,VISA,DEBIT,CLASSIC,APCI FEDERAL CREDIT UNION,US,False
400567,UNITED STATES,VISA,DEBIT,BUSINESS,"STRIDE BANK, NATIONAL ASSOCIATION",US,False
400570,UNITED STATES,VISA,DEBIT,CLASSIC,"FIRST FINANCIAL BANKSHARES, INC.",US,False
400571,UNITED STATES,VISA,DEBIT,BUSINESS,"FIRST FINANCIAL BANKSHARES, INC.",US,True
400572,UNITED STATES,VISA,DEBIT,CLASSIC,CENTURY BANK,US,False
400573,UNITED STATES,VISA,DEBIT,BUSINESS,CENTURY BANK,US,True
400574,UNITED STATES,VISA,CREDIT,TRADITIONAL,"WELLS FARGO BANK, NATIONAL ASSOCIATION",US,False
400575,UNITED STATES,VISA,CREDIT,BUSINESS,FIRST FIDELITY BANK,US,False
400577,UNITED STATES,VISA,CREDIT,CLASSIC,VISA U.S.A. INC.,US,False
400579,UNITED STATES,VISA,CREDIT,CLASSIC,LOOKOUT FEDERAL CREDIT UNION,US,False
400580,UNITED STATES,VISA,CREDIT,TRADITIONAL,ROSWELL COMMUNITY FEDERAL CREDIT UNION,US,True
400581,UNITED STATES,VISA,CREDIT,TRADITIONAL,IRON COUNTY COMMUNITY CREDIT UNION,US,False
400582,UNITED STATES,VISA,CREDIT,TRADITIONAL,WELCOME FEDERAL CREDIT UNION,US,False
400583,UNITED STATES,VISA,CREDIT,CLASSIC,MCT CREDIT UNION,US,True
400584,UNITED STATES,VISA,CREDIT,CLASSIC,GRASSLANDS FEDERAL CREDIT UNION,US,False
400585,UNITED STATES,VISA,DEBIT,BUSINESS,WESTERRA CREDIT UNION,US,True
400586,UNITED STATES,VISA,CREDIT,BUSINESS,WESTERRA CREDIT UNION,US,False
400587,UNITED STATES,VISA,DEBIT,PREPAID RELOADABLE,SERVICE CREDIT UNION,US,False
400590,UNITED STATES,VISA,CREDIT,BUSINESS,EVERENCE FEDERAL CREDIT UNION,US,True
400591,UNITED STATES,VISA,CREDIT,BUSINESS,CREDIT UNION OF ATLANTA,US,False
400592,UNITED STATES,VISA,CREDIT,TRADITIONAL,GARDINER FEDERAL CREDIT UNION,US,True
400593,UNITED STATES,VISA,DEBIT,BUSINESS,NEIGHBORS CREDIT UNION,US,True
400594,UNITED STATES,VISA,DEBIT,PREPAID,SERVICE CREDIT UNION,US,False
400595,UNITED STATES,VISA,DEBIT,PREPAID,SERVICE CREDIT UNION,US,False
400597,UNITED STATES,VISA,CREDIT,BUSINESS,FIRST ELECTRONIC BANK,US,False
400600,UNITED STATES,VISA,DEBIT,CLASSIC,LINDELL BANK &amp; TRUST COMPANY,US,False
400602,UNITED STATES,VISA,DEBIT,BUSINESS,TSB BANK,US,False
400604,UNITED STATES,VISA,DEBIT,BUSINESS,MID MINNESOTA FEDERAL CREDIT UNION,US,True
400607,UNITED STATES,VISA,DEBIT,BUSINESS,CBW BANK,US,False
400611,UNITED STATES,VISA,DEBIT,BUSINESS,FIRST COMMUNITY BANK,US,False
400613,UNITED STATES,VISA,CREDIT,TRADITIONAL,U.S. BANK NATIONAL ASSOCIATION-CREDIT,US,False
400614,UNITED STATES,VISA,CREDIT,TRADITIONAL,U.S. BANK NATIONAL ASSOCIATION-CREDIT,US,False
400617,UNITED STATES,VISA,CREDIT,SIGNATURE,PROVIDENT CREDIT UNION,US,True
400618,UNITED STATES,VISA,DEBIT,BUSINESS,SELECT BANK &amp; TRUST COMPANY,US,True
400619,UNITED STATES,VISA,DEBIT,CLASSIC,STATE BANK OF DE KALB,US,False
400620,UNITED STATES,VISA,DEBIT,PREPAID,SUNTRUST BANK,US,False
400632,UNITED STATES,VISA,DEBIT,PREPAID,THE HUNTINGTON NATIONAL BANK,US,False
400636,UNITED STATES,VISA,DEBIT,CLASSIC,"STRIDE BANK, NATIONAL ASSOCIATION",US,True
400639,UNITED STATES,VISA,CREDIT,BUSINESS,AVADIAN CREDIT UNION,US,False
400640,UNITED STATES,VISA,DEBIT,CLASSIC,CENTRAL SOYA FEDERAL CREDIT UNION,US,False
400641,UNITED STATES,VISA,CREDIT,CLASSIC,INOVA FEDERAL CREDIT UNION,US,False
400650,UNITED STATES,VISA,DEBIT,CLASSIC,MOODY NATIONAL BANK,US,False
400651,UNITED STATES,VISA,DEBIT,CLASSIC,HASTINGS FEDERAL CREDIT UNION,US,False
400655,UNITED STATES,VISA,CREDIT,,,US,False
400656,UNITED STATES,VISA,CREDIT,TRADITIONAL,BANTERRA BANK,US,False
400658,UNITED STATES,VISA,DEBIT,CLASSIC,1ST ADVANTAGE BANK,US,False
400664,UNITED STATES,VISA,CREDIT,BUSINESS,FIRST SOUTH FINANCIAL CREDIT UNION,US,False
400665,UNITED STATES,VISA,DEBIT,CLASSIC,SUTTON BANK,US,True
400668,UNITED STATES,VISA,DEBIT,CLASSIC,STEARNS BANK NATIONAL ASSOCIATION,US,False
400685,UNITED STATES,VISA,DEBIT,PREPAID CLASSIC,EASTMAN CREDIT UNION,US,False
400688,UNITED STATES,VISA,CREDIT,TRADITIONAL,"WELLS FARGO BANK, NATIONAL ASSOCIATION",US,False
400692,UNITED STATES,VISA,DEBIT,CLASSIC,TANNER EMPLOYEES CREDIT UNION,US,False
400695,UNITED STATES,VISA,DEBIT,PREPAID CLASSIC,WOODLAND BANK,US,False
400698,UNITED STATES,VISA,CREDIT,CORPORATE T&amp;E,M&amp;T BANK,US,False
400700,UNITED STATES,VISA,DEBIT,CLASSIC,"HSBC BANK USA, N.A.",US,False
400701,UNITED STATES,VISA,CREDIT,,,US,False
400702,UNITED STATES,VISA,CREDIT,,,US,False
400703,UNITED STATES,VISA,CREDIT,,,US,False
400704,UNITED STATES,VISA,CREDIT,,,US,False
400705,UNITED STATES,VISA,CREDIT,,,US,False
400706,UNITED STATES,VISA,CREDIT,,,US,False
400707,UNITED STATES,VISA,CREDIT,,,US,False
400708,UNITED STATES,VISA,CREDIT,,,US,False
400710,UNITED STATES,VISA,CREDIT,,,US,False
400711,UNITED STATES,VISA,CREDIT,,,US,False
400712,UNITED STATES,VISA,CREDIT,,,US,False
400713,UNITED STATES,VISA,CREDIT,,,US,False
400714,UNITED STATES,VISA,CREDIT,,,US,False
400715,UNITED STATES,VISA,CREDIT,,,US,False
400716,UNITED STATES,VISA,CREDIT,,,US,False
400717,UNITED STATES,VISA,CREDIT,,,US,False
400718,UNITED STATES,VISA,CREDIT,,,US,False
400719,UNITED STATES,VISA,CREDIT,,,US,False
400721,UNITED STATES,VISA,CREDIT,,,US,False
400722,UNITED STATES,VISA,CREDIT,,,US,False
400723,UNITED STATES,VISA,CREDIT,,,US,False
400724,UNITED STATES,VISA,CREDIT,,,US,False
400732,UNITED STATES,VISA,CREDIT,TRADITIONAL REWARDS,PARK VIEW FEDERAL CREDIT UNION,US,False
400737,UNITED STATES,VISA,CREDIT,BUSINESS,BLUE COAST FEDERAL CREDIT UNION,US,False
400743,UNITED STATES,VISA,CREDIT,,,US,False
400744,UNITED STATES,VISA,CREDIT,,,US,False
400745,UNITED STATES,VISA,DEBIT,PREPAID CLASSIC,SUTTON BANK,US,True
400746,UNITED STATES,VISA,CREDIT,,,US,False
400747,UNITED STATES,VISA,CREDIT,,,US,False
400748,UNITED STATES,VISA,CREDIT,,,US,False
400749,UNITED STATES,VISA,CREDIT,,,US,False
400751,UNITED STATES,VISA,CREDIT,BUSINESS,GEORGIA&#039;S OWN CREDIT UNION,US,False
400752,UNITED STATES,VISA,DEBIT,CLASSIC,"MUTUAL SECURITY CREDIT UNION, INC",US,True
400753,UNITED STATES,VISA,DEBIT,BUSINESS,ICBA BANCARD,US,False
400754,UNITED STATES,VISA,DEBIT,PREPAID,"COMMERCE BANCSHARES, INC.",US,False
400755,UNITED STATES,VISA,CREDIT,BUSINESS,FIDELITY BANK,US,False
400756,UNITED STATES,VISA,DEBIT,BUSINESS,SIGNATURE FEDERAL CREDIT UNION,US,False
400757,UNITED STATES,VISA,DEBIT,CLASSIC,BANESCO USA,US,False
400759,UNITED STATES,VISA,CREDIT,BUSINESS,TWINSTAR CREDIT UNION,US,True
400760,UNITED STATES,VISA,DEBIT,CLASSIC,PENN STATE FEDERAL CREDIT UNION,US,True
400761,UNITED STATES,VISA,CREDIT,TRADITIONAL,"WELLS FARGO BANK, NATIONAL ASSOCIATION",US,False
400764,UNITED STATES,VISA,CREDIT,TRADITIONAL,SOARION FEDERAL CREDIT UNION,US,False
400765,UNITED STATES,VISA,DEBIT,CLASSIC,FIRSTMARK CREDIT UNION,US,True
400766,UNITED STATES,VISA,DEBIT,PREPAID CLASSIC,FIRSTMARK CREDIT UNION,US,True
400767,UNITED STATES,VISA,DEBIT,PREPAID CLASSIC,REPUBLIC BANK &amp; TRUST COMPANY,US,False
400768,UNITED STATES,VISA,DEBIT,PREPAID CLASSIC,"THE BANCORP BANK, NATIONAL ASSOCIATION",US,False
400769,UNITED STATES,VISA,DEBIT,PREPAID CLASSIC,"THE BANCORP BANK, NATIONAL ASSOCIATION",US,False
400771,UNITED STATES,VISA,DEBIT,BUSINESS,THAYER COUNTY BANK,US,False
400775,UNITED STATES,VISA,DEBIT,CLASSIC,SSMOK EMPLOYEES FEDERAL CREDIT UNION,US,True
400776,UNITED STATES,VISA,DEBIT,BUSINESS,"DAY AIR CREDIT UNION, INC.",US,False
400778,UNITED STATES,VISA,DEBIT,BUSINESS,THE FIRST CITIZENS NATIONAL BANK OF UPPER SANDUSKY,US,
400779,UNITED STATES,VISA,DEBIT,CLASSIC,SOUTHERN GAS FEDERAL CREDIT UNION,US,
400780,UNITED STATES,VISA,DEBIT,CLASSIC,VALLEY NATIONAL BANK,US,
400781,UNITED STATES,VISA,CREDIT,TRADITIONAL,FORT WORTH COMMUNITY CREDIT UNION,US,
400783,UNITED STATES,VISA,CREDIT,BUSINESS,TRI COUNTIES BANK,US,
400784,UNITED STATES,VISA,DEBIT,BUSINESS,,US,
400785,UNITED STATES,VISA,DEBIT,CLASSIC,"LAFAYETTE SAVINGS BANK, F.S.B.",US,
400786,UNITED STATES,VISA,DEBIT,BUSINESS,SOLIDARITY COMMUNITY FEDERAL CREDIT UNION,US,
400788,UNITED STATES,VISA,DEBIT,BUSINESS,PARTNERS 1ST FEDERAL CREDIT UNION,US,
400790,UNITED STATES,VISA,DEBIT,CLASSIC,CRANE CREDIT UNION,US,
400791,UNITED STATES,VISA,DEBIT,CLASSIC,GENERATIONS FEDERAL CREDIT UNION,US,
400792,UNITED STATES,VISA,DEBIT,CLASSIC,,US,
400793,UNITED STATES,VISA,DEBIT,CLASSIC,"PNC FINANCIAL SERVICES GROUP, INC.",US,
400796,UNITED STATES,VISA,DEBIT,CLASSIC,ORLEX GOVERNMENT EMPLOYEES CREDIT UNION,US,
400797,UNITED STATES,VISA,DEBIT,CLASSIC,ONE THIRTEEN CREDIT UNION,US,
400798,UNITED STATES,VISA,DEBIT,BUSINESS,,US,
400799,UNITED STATES,VISA,DEBIT,CLASSIC,MERCHANTS &amp; PLANTERS&#039; BANK,US,
400800,UNITED STATES,VISA,CREDIT,,"FISERV SOLUTIONS, LLC",US,
400801,UNITED STATES,VISA,CREDIT,,"FISERV SOLUTIONS, LLC",US,
400802,UNITED STATES,VISA,CREDIT,CLASSIC,CASCADE COMMUNITY FEDERAL CREDIT UNION,US,
400803,UNITED STATES,VISA,DEBIT,BUSINESS,MUNICIPAL EMPLOYEES CREDIT UNION OF OKLAHOMA CITY,US,
400804,UNITED STATES,VISA,DEBIT,CLASSIC,THE NATIONAL CAPITAL BANK OF WASHINGTON,US,
400806,UNITED STATES,VISA,DEBIT,CLASSIC,PENNCREST BANK,US,
400807,UNITED STATES,VISA,DEBIT,CLASSIC,BULL DOG FEDERAL CREDIT UNION,US,
400808,UNITED STATES,VISA,DEBIT,CLASSIC,CREDIT UNION OF NEW JERSEY,US,
400809,UNITED STATES,VISA,DEBIT,CLASSIC,"WILMINGTON SAVINGS FUND SOCIETY, F.S.B.",US,
400813,UNITED STATES,VISA,DEBIT,BUSINESS,BANK OF COLORADO,US,
400816,UNITED STATES,VISA,CREDIT,BUSINESS,PARK VIEW FEDERAL CREDIT UNION,US,
400821,UNITED STATES,VISA,DEBIT,CLASSIC,UNION STATE BANK,US,
400822,UNITED STATES,VISA,DEBIT,CLASSIC,MICHIGAN UNITED CREDIT UNION,US,
400823,UNITED STATES,VISA,DEBIT,BUSINESS,MICHIGAN UNITED CREDIT UNION,US,
400824,UNITED STATES,VISA,DEBIT,BUSINESS,MAINSTREET BANK,US,
400831,UNITED STATES,VISA,DEBIT,BUSINESS,"NORTH AMERICAN SAVINGS BANK, F.S.B.",US,
400833,UNITED STATES,VISA,DEBIT,CLASSIC,OPEN BANK,US,
400834,UNITED STATES,VISA,DEBIT,CLASSIC,JACK DANIEL EMPLOYEES CREDIT UNION,US,
400835,UNITED STATES,VISA,DEBIT,CLASSIC,MICHIGAN ONE COMMUNITY CREDIT UNION,US,
400840,UNITED STATES,VISA,CREDIT,BUSINESS,JETSTREAM FEDERAL CREDIT UNION,US,
400841,UNITED STATES,VISA,CREDIT,CLASSIC,JETSTREAM FEDERAL CREDIT UNION,US,
400844,UNITED STATES,VISA,CREDIT,TRADITIONAL,"CITIBANK, NATIONAL ASSOCIATION - CONSUMER",US,
400848,UNITED STATES,VISA,DEBIT,CLASSIC,EVOLVE BANK &amp; TRUST,US,
400862,UNITED STATES,VISA,DEBIT,CLASSIC,INTL HDQTRS-CENTER OWNED,US,
400867,UNITED STATES,VISA,DEBIT,CLASSIC,BUFFALO METROPOLITAN FEDERAL CREDIT UNION,US,
400869,UNITED STATES,VISA,CREDIT,BUSINESS,BANK OF TRAVELERS REST,US,
400870,UNITED STATES,VISA,CREDIT,,PEOPLE&#039;S UNITED BANK,US,
400871,UNITED STATES,VISA,CREDIT,TRADITIONAL REWARDS,BANK OF TRAVELERS REST,US,
400873,UNITED STATES,VISA,DEBIT,CLASSIC,EASTERN INTERNATIONAL BANK,US,
400875,UNITED STATES,VISA,DEBIT,CLASSIC,BANK OF MADISON,US,
400876,UNITED STATES,VISA,DEBIT,CLASSIC,THE NATIONAL BANK OF MALVERN,US,
400877,UNITED STATES,VISA,DEBIT,CLASSIC,SUTTON BANK,US,
400878,UNITED STATES,VISA,DEBIT,CLASSIC,GREATER ALLIANCE FEDERAL CREDIT UNION,US,
400879,UNITED STATES,VISA,CREDIT,TRADITIONAL,"CITIBANK, NATIONAL ASSOCIATION - CONSUMER",US,
400886,UNITED STATES,VISA,DEBIT,BUSINESS,FOX COMMUNITIES CREDIT UNION,US,
400892,UNITED STATES,VISA,CREDIT,CLASSIC,SANTA CLARA COUNTY FEDERAL CREDIT UNION,US,
400893,UNITED STATES,VISA,DEBIT,CLASSIC,PEOPLESBANK,US,
400894,UNITED STATES,VISA,DEBIT,CLASSIC,THE TURBOTVILLE NATIONAL BANK,US,
400895,UNITED STATES,VISA,DEBIT,CLASSIC,"THE BANCORP BANK, NATIONAL ASSOCIATION",US,
400896,UNITED STATES,VISA,DEBIT,CLASSIC,"TD BANK USA, NATIONAL ASSOCIATION",US,
400897,UNITED STATES,VISA,DEBIT,PREPAID,REGIONS BANK,US,
400898,UNITED STATES,VISA,CREDIT,TRADITIONAL,SYNCHRONY BANK,US,
400899,UNITED STATES,VISA,CREDIT,CLASSIC,SYNCHRONY BANK,US,
400901,UNITED STATES,VISA,DEBIT,CLASSIC,FIRST PRYORITY BANK,US,
400908,UNITED STATES,VISA,DEBIT,CLASSIC,LANDMARK CREDIT UNION,US,
400909,UNITED STATES,VISA,DEBIT,PREPAID CLASSIC,SUTTON BANK,US,
400910,UNITED STATES,VISA,DEBIT,PREPAID RELOADABLE,METABANK,US,
400918,UNITED STATES,VISA,CREDIT,BUSINESS,HORIZON UTAH FEDERAL CREDIT UNION,US,
400919,UNITED STATES,VISA,CREDIT,TRADITIONAL,"CITIBANK, NATIONAL ASSOCIATION - CONSUMER",US,
400920,UNITED STATES,VISA,DEBIT,CLASSIC,FIRST BANK NJ,US,
400922,UNITED STATES,VISA,CREDIT,CLASSIC,NEW ENGLAND FEDERAL CREDIT UNION,US,
400923,UNITED STATES,VISA,CREDIT,CLASSIC,BLUEOX CREDIT UNION,US,
400927,UNITED STATES,VISA,CREDIT,TRADITIONAL,"CITIBANK, NATIONAL ASSOCIATION - CONSUMER",US,
400928,UNITED STATES,VISA,DEBIT,CLASSIC,"ASSOCIATED BANK, N.A.",US,
400932,UNITED STATES,VISA,CREDIT,BUSINESS,NEW ENGLAND FEDERAL CREDIT UNION,US,
400936,UNITED STATES,VISA,DEBIT,CLASSIC,"FIRST STATE BANK OF ST. CHARLES, MISSOURI",US,
400944,UNITED STATES,VISA,CREDIT,TRADITIONAL,"CITIBANK, NATIONAL ASSOCIATION - CONSUMER",US,
400945,UNITED STATES,VISA,DEBIT,CLASSIC,MEMBERS ADVANTAGE CREDIT UNION,US,
400947,UNITED STATES,VISA,CREDIT,CLASSIC,"WASHINGTON FEDERAL, NATIONAL ASSOCIATION",US,
400948,UNITED STATES,VISA,DEBIT,PREPAID CLASSIC,MAINE COMMUNITY BANK,US,
400957,UNITED STATES,VISA,CREDIT,CLASSIC,STAGEPOINT FEDERAL CREDIT UNION,US,
400961,UNITED STATES,VISA,CREDIT,TRADITIONAL,"CITIBANK, NATIONAL ASSOCIATION - CONSUMER",US,
400966,UNITED STATES,VISA,DEBIT,CLASSIC,CENTRAL WILLAMETTE CREDIT UNION,US,
400967,UNITED STATES,VISA,DEBIT,BUSINESS,CENTRAL WILLAMETTE CREDIT UNION,US,
400968,UNITED STATES,VISA,DEBIT,PREPAID CLASSIC,G P O FEDERAL CREDIT UNION,US,
400969,UNITED STATES,VISA,CREDIT,TRADITIONAL,BANK OF CAVE CITY,US,
400971,UNITED STATES,VISA,CREDIT,,CENTRAL BANK,US,
400972,UNITED STATES,VISA,CREDIT,TRADITIONAL REWARDS,"TCM BANK, NATIONAL ASSOCIATION",US,
400973,UNITED STATES,VISA,CREDIT,TRADITIONAL,TIPPECANOE FEDERAL CREDIT UNION,US,
400977,UNITED STATES,VISA,CREDIT,BUSINESS,"TCM BANK, NATIONAL ASSOCIATION",US,
400979,UNITED STATES,VISA,DEBIT,PREPAID CLASSIC,MNB BANK,US,
400980,UNITED STATES,VISA,CREDIT,BUSINESS,BANK OF CAVE CITY,US,
400981,UNITED STATES,VISA,DEBIT,CLASSIC,NOTRE DAME FEDERAL CREDIT UNION,US,
400982,UNITED STATES,VISA,DEBIT,CLASSIC,FORT LIBERTY FEDERAL CREDIT UNION,US,
400983,UNITED STATES,VISA,DEBIT,CLASSIC,SOUTH COAST ILWU FEDERAL CREDIT UNION,US,
400984,UNITED STATES,VISA,CREDIT,SIGNATURE,GREENVILLE FEDERAL CREDIT UNION,US,
400985,UNITED STATES,VISA,CREDIT,CLASSIC,COMMONWEALTH BANK AND TRUST COMPANY,US,
400986,UNITED STATES,VISA,CREDIT,CLASSIC,VENTURA COUNTY CREDIT UNION,US,
400987,UNITED STATES,VISA,DEBIT,CLASSIC,"BOKF, NATIONAL ASSOCIATION",US,
400988,UNITED STATES,VISA,DEBIT,BUSINESS,INWOOD NATIONAL BANK,US,
400989,UNITED STATES,VISA,CREDIT,TRADITIONAL,FIRST FINANCIAL BANK,US,
400991,UNITED STATES,VISA,DEBIT,CLASSIC,LEGACY BANK,US,
400995,UNITED STATES,VISA,DEBIT,CLASSIC,NICOLET NATIONAL BANK,US,
400997,UNITED STATES,VISA,DEBIT,BUSINESS,COMMUNITY FEDERAL SAVINGS BANK,US,
400998,UNITED STATES,VISA,DEBIT,CLASSIC,FINANCIAL HEALTH FEDERAL CREDIT UNION,US,
400999,UNITED STATES,VISA,DEBIT,CLASSIC,TEE-PAK CREDIT UNION,US,
401000,UNITED STATES,VISA,CREDIT,BUSINESS,U.S. BANK NATIONAL ASSOCIATION-CREDIT,US,
401001,UNITED STATES,VISA,CREDIT,BUSINESS,U.S. BANK NATIONAL ASSOCIATION-CREDIT,US,
401002,UNITED STATES,VISA,CREDIT,BUSINESS,U.S. BANK NATIONAL ASSOCIATION-CREDIT,US,
401003,UNITED STATES,VISA,CREDIT,BUSINESS,U.S. BANK NATIONAL ASSOCIATION-CREDIT,US,
401008,UNITED STATES,VISA,CREDIT,,,US,
401015,UNITED STATES,VISA,CREDIT,,,US,
401019,UNITED STATES,VISA,CREDIT,,,US,
401022,UNITED STATES,VISA,CREDIT,,,US,
401023,UNITED STATES,VISA,CREDIT,,,US,
401026,UNITED STATES,VISA,CREDIT,,,US,
401028,UNITED STATES,VISA,CREDIT,,,US,
401029,UNITED STATES,VISA,CREDIT,,,US,
401037,UNITED STATES,VISA,CREDIT,,,US,
401038,UNITED STATES,VISA,CREDIT,,,US,
401041,UNITED STATES,VISA,CREDIT,TRADITIONAL,PRIORITY TRUST CREDIT UNION,US,
401042,UNITED STATES,VISA,DEBIT,PREPAID CLASSIC,MAINE COMMUNITY BANK,US,
401050,UNITED STATES,VISA,DEBIT,CLASSIC,MAINE COMMUNITY BANK,US,
401051,UNITED STATES,VISA,DEBIT,BUSINESS,MAINE COMMUNITY BANK,US,
401052,UNITED STATES,VISA,DEBIT,BUSINESS,THE CITIZENS BANK,US,
401053,UNITED STATES,VISA,DEBIT,CLASSIC,CGR CREDIT UNION,US,
401054,UNITED STATES,VISA,CREDIT,CLASSIC,KBR HERITAGE FEDERAL CREDIT UNION,US,
401055,UNITED STATES,VISA,DEBIT,BUSINESS,BANK 21,US,
401058,UNITED STATES,VISA,CREDIT,,,US,
401061,UNITED STATES,VISA,DEBIT,CLASSIC,METROPOLITAN L FEDERAL CREDIT UNION,US,
401062,UNITED STATES,VISA,CREDIT,BUSINESS,U.S. BANK NATIONAL ASSOCIATION-CREDIT,US,
401067,UNITED STATES,VISA,CREDIT,,,US,
401069,UNITED STATES,VISA,CREDIT,,,US,
401074,UNITED STATES,VISA,CREDIT,,,US,
401075,UNITED STATES,VISA,CREDIT,,,US,
401076,UNITED STATES,VISA,CREDIT,,,US,
401077,UNITED STATES,VISA,CREDIT,,,US,
401078,UNITED STATES,VISA,CREDIT,,,US,
401081,UNITED STATES,VISA,CREDIT,,,US,
401083,UNITED STATES,VISA,CREDIT,,,US,
401094,UNITED STATES,VISA,CREDIT,,,US,
401099,UNITED STATES,VISA,CREDIT,TRADITIONAL,LEAD BANK,US,
401101,UNITED STATES,VISA,CREDIT,BUSINESS,UNION BANK AND TRUST COMPANY,US,
401102,UNITED STATES,VISA,CREDIT,TRADITIONAL,EVERGREEN DIRECT CREDIT UNION,US,
401104,UNITED STATES,VISA,DEBIT,PREPAID CLASSIC,SUTTON BANK,US,
401105,UNITED STATES,VISA,DEBIT,CLASSIC,PENTAGON FEDERAL CREDIT UNION,US,
401106,UNITED STATES,VISA,DEBIT,CLASSIC,MCCOY FEDERAL CREDIT UNION,US,
401107,UNITED STATES,VISA,DEBIT,CLASSIC,JETSTREAM FEDERAL CREDIT UNION,US,
401109,UNITED STATES,VISA,CREDIT,CLASSIC,LANDMARK CREDIT UNION,US,
401110,UNITED STATES,VISA,CREDIT,CLASSIC,ELECTRO SAVINGS CREDIT UNION,US,
401111,UNITED STATES,VISA,CREDIT,BUSINESS,FIRST BANK,US,
401112,UNITED STATES,VISA,CREDIT,TRADITIONAL,"CITIBANK, NATIONAL ASSOCIATION - CONSUMER",US,
401113,UNITED STATES,VISA,DEBIT,BUSINESS,"CF BANK, NATIONAL ASSOCIATION",US,
401114,UNITED STATES,VISA,CREDIT,TRADITIONAL,COASTLINE FEDERAL CREDIT UNION,US,
401115,UNITED STATES,VISA,CREDIT,TRADITIONAL,"CITIBANK, NATIONAL ASSOCIATION - CONSUMER",US,
401116,UNITED STATES,VISA,CREDIT,TRADITIONAL,THE SUMMIT FEDERAL CREDIT UNION,US,
401117,UNITED STATES,VISA,CREDIT,TRADITIONAL,AGRICULTURE FEDERAL CREDIT UNION,US,
401118,UNITED STATES,VISA,CREDIT,GOLD,AGRICULTURE FEDERAL CREDIT UNION,US,
401119,UNITED STATES,VISA,DEBIT,CLASSIC,VALLEY STRONG CREDIT UNION,US,
401121,UNITED STATES,VISA,CREDIT,BUSINESS,ARLINGTON COMMUNITY FEDERAL CREDIT UNION,US,
401122,UNITED STATES,VISA,CREDIT,CLASSIC,COMMUNITY TRUST CREDIT UNION,US,
401123,UNITED STATES,VISA,CREDIT,BUSINESS,"BANK OF AMERICA, NATIONAL ASSOCIATION",US,
401124,UNITED STATES,VISA,CREDIT,GOLD,"BANK OF AMERICA, NATIONAL ASSOCIATION",US,
401125,UNITED STATES,VISA,CREDIT,GOLD,FIRST COMMUNITY FEDERAL CREDIT UNION,US,
401126,UNITED STATES,VISA,CREDIT,TRADITIONAL REWARDS,U. S. EAGLE FEDERAL CREDIT UNION,US,
401128,UNITED STATES,VISA,DEBIT,PREPAID RELOADABLE,METABANK,US,
401129,UNITED STATES,VISA,DEBIT,BUSINESS,CHARLEVOIX STATE BANK,US,
401134,UNITED STATES,VISA,CREDIT,CLASSIC,"CITIBANK, N.A.",US,
401135,UNITED STATES,VISA,CREDIT,TRADITIONAL,JPMORGAN CHASE BANK N.A.,US,
401136,UNITED STATES,VISA,CREDIT,TRADITIONAL,JPMORGAN CHASE BANK N.A.,US,
401139,UNITED STATES,VISA,DEBIT,CLASSIC,COMMUNICATION FEDERAL CREDIT UNION,US,
401141,UNITED STATES,VISA,DEBIT,PREPAID CLASSIC,COMMUNITY FEDERAL SAVINGS BANK,US,
401142,UNITED STATES,VISA,DEBIT,CLASSIC,THE NEW ORLEANS FIREMEN&#039;S FEDERAL CREDIT UNION,US,
401143,UNITED STATES,VISA,CREDIT,TRADITIONAL,K U E FEDERAL CREDIT UNION,US,
401147,UNITED STATES,VISA,CREDIT,TRADITIONAL,FIRST FAMILY FEDERAL CREDIT UNION,US,
401149,UNITED STATES,VISA,DEBIT,CLASSIC,FIRST FINANCIAL BANK,US,
401150,UNITED STATES,VISA,DEBIT,CLASSIC,CENTURYFIRST FEDERAL CREDIT UNION,US,
401153,UNITED STATES,VISA,DEBIT,CLASSIC,,US,
401154,UNITED STATES,VISA,DEBIT,CLASSIC,VYSTAR CREDIT UNION,US,
401155,UNITED STATES,VISA,DEBIT,PREPAID CLASSIC,BENTON COUNTY SCHOOLS CREDIT UNION,US,
401156,UNITED STATES,VISA,DEBIT,CLASSIC,FIVE STAR BANK,US,
401159,UNITED STATES,VISA,CREDIT,CLASSIC,GEORGIA&#039;S OWN CREDIT UNION,US,
401160,UNITED STATES,VISA,DEBIT,CLASSIC,COMMUNITY CREDIT UNION,US,
401162,UNITED STATES,VISA,DEBIT,BUSINESS,MAGNIFI FINANCIAL CREDIT UNION,US,
401163,UNITED STATES,VISA,CREDIT,,,US,
401164,UNITED STATES,VISA,DEBIT,CLASSIC,FIRST NATIONAL BANK OF PENNSYLVANIA,US,
401169,UNITED STATES,VISA,DEBIT,CLASSIC,EL RENO RIL CREDIT UNION,US,
401170,UNITED STATES,VISA,DEBIT,CLASSIC,MISSOURI ELECTRIC COOPERATIVE EMPLOYEES&#039; CREDIT UNION,US,
401171,UNITED STATES,VISA,DEBIT,CLASSIC,DELTA COMMUNITY CREDIT UNION,US,
401174,UNITED STATES,VISA,DEBIT,CLASSIC,HANCOCK WHITNEY BANK,US,
401175,UNITED STATES,VISA,CREDIT,TRADITIONAL REWARDS,UNIVERSITY CREDIT UNION,US,
401176,UNITED STATES,VISA,CREDIT,SIGNATURE,"U.S. BANK, N.A.",US,
401180,UNITED STATES,VISA,DEBIT,PREPAID CLASSIC,SUTTON BANK,US,
401181,UNITED STATES,VISA,DEBIT,CLASSIC,AMERIS BANK,US,
401182,UNITED STATES,VISA,DEBIT,CLASSIC,THE EVANGELINE BANK AND TRUST COMPANY,US,
401183,UNITED STATES,VISA,DEBIT,CLASSIC,FIRST NATIONAL BANK AND TRUST COMPANY OF WEATHERFORD,US,
401184,UNITED STATES,VISA,DEBIT,CLASSIC,BOK FINANCIAL,US,
401185,UNITED STATES,VISA,CREDIT,BUSINESS,ACHIEVA CREDIT UNION,US,
401186,UNITED STATES,VISA,CREDIT,TRADITIONAL,"CITIBANK, NATIONAL ASSOCIATION - CONSUMER",US,
401187,UNITED STATES,VISA,DEBIT,CLASSIC,OMNI COMMUNITY CREDIT UNION,US,
401189,UNITED STATES,VISA,CREDIT,CLASSIC,CITIZENS TRUST BANK,US,
401190,UNITED STATES,VISA,DEBIT,BUSINESS,ABERDEEN PROVING GROUND FEDERAL CREDIT UNION,US,
401191,UNITED STATES,VISA,DEBIT,CLASSIC,EXPRESS CREDIT UNION,US,
401192,UNITED STATES,VISA,DEBIT,PREPAID CLASSIC,SUTTON BANK,US,
401193,UNITED STATES,VISA,CREDIT,CLASSIC,INDUSTRIAL BANK,US,
401194,UNITED STATES,VISA,DEBIT,CLASSIC,NORTHEAST COMMUNITY BANK,US,
401195,UNITED STATES,VISA,DEBIT,CLASSIC,DIAMOND CREDIT UNION,US,
401197,UNITED STATES,VISA,DEBIT,CLASSIC,SHORE UNITED BANK,US,
401199,UNITED STATES,VISA,DEBIT,CLASSIC,ENNIS STATE BANK,US,
401200,UNITED STATES,VISA,DEBIT,CLASSIC,VISA PRODUCTION SUPPORT CLIENT BID 1,US,
401201,UNITED STATES,VISA,DEBIT,PREPAID CLASSIC,SUTTON BANK,US,
401202,UNITED STATES,VISA,CREDIT,TRADITIONAL,U.S. REGION,US,
401203,UNITED STATES,VISA,CREDIT,TRADITIONAL,U.S. REGION,US,
401204,UNITED STATES,VISA,CREDIT,TRADITIONAL,U.S. REGION,US,
401205,UNITED STATES,VISA,CREDIT,CLASSIC,LATIN AMERICA AND CARIBBEAN REGION,US,
401206,UNITED STATES,VISA,CREDIT,TRADITIONAL,U.S. REGION,US,
401207,UNITED STATES,VISA,CREDIT,TRADITIONAL,U.S. REGION,US,
401208,UNITED STATES,VISA,CREDIT,TRADITIONAL,U.S. REGION,US,
401209,UNITED STATES,VISA,CREDIT,TRADITIONAL,U.S. REGION,US,
401210,UNITED STATES,VISA,CREDIT,TRADITIONAL,U.S. REGION,US,
401211,UNITED STATES,VISA,CREDIT,TRADITIONAL,U.S. REGION,US,
401212,UNITED STATES,VISA,CREDIT,TRADITIONAL,U.S. REGION,US,
401213,UNITED STATES,VISA,CREDIT,CLASSIC,U.S. REGION,US,
401214,UNITED STATES,VISA,CREDIT,CLASSIC,U.S. REGION,US,
401215,UNITED STATES,VISA,CREDIT,CLASSIC,U.S. REGION,US,
401216,UNITED STATES,VISA,DEBIT,BUSINESS,,US,
401217,UNITED STATES,VISA,CREDIT,CLASSIC,U.S. REGION,US,
401218,UNITED STATES,VISA,CREDIT,CLASSIC,U.S. REGION,US,
401219,UNITED STATES,VISA,CREDIT,CLASSIC,U.S. REGION,US,
401220,UNITED STATES,VISA,CREDIT,CLASSIC,U.S. REGION,US,
401221,UNITED STATES,VISA,CREDIT,CLASSIC,U.S. REGION,US,
401222,UNITED STATES,VISA,CREDIT,CLASSIC,U.S. REGION,US,
401223,UNITED STATES,VISA,CREDIT,CLASSIC,U.S. REGION,US,
401224,UNITED STATES,VISA,CREDIT,CLASSIC,U.S. REGION,US,
401225,UNITED STATES,VISA,CREDIT,CLASSIC,U.S. REGION,US,
401226,UNITED STATES,VISA,CREDIT,CLASSIC,U.S. REGION,US,
401227,UNITED STATES,VISA,CREDIT,CLASSIC,U.S. REGION,US,
401228,UNITED STATES,VISA,CREDIT,CLASSIC,U.S. REGION,US,
401229,UNITED STATES,VISA,CREDIT,CLASSIC,U.S. REGION,US,
401230,UNITED STATES,VISA,CREDIT,CLASSIC,U.S. REGION,US,
401231,UNITED STATES,VISA,CREDIT,CLASSIC,U.S. REGION,US,
401232,UNITED STATES,VISA,CREDIT,CLASSIC,U.S. REGION,US,
401233,UNITED STATES,VISA,CREDIT,CLASSIC,U.S. REGION,US,
401234,UNITED STATES,VISA,CREDIT,CLASSIC,U.S. REGION,US,
401235,UNITED STATES,VISA,CREDIT,CLASSIC,U.S. REGION,US,
401236,UNITED STATES,VISA,CREDIT,CLASSIC,U.S. REGION,US,
401237,UNITED STATES,VISA,CREDIT,CLASSIC,U.S. REGION,US,
401238,UNITED STATES,VISA,CREDIT,CLASSIC,U.S. REGION,US,
401239,UNITED STATES,VISA,CREDIT,CLASSIC,U.S. REGION,US,
401240,UNITED STATES,VISA,CREDIT,CLASSIC,U.S. REGION,US,
401241,UNITED STATES,VISA,CREDIT,CLASSIC,U.S. REGION,US,
401242,UNITED STATES,VISA,CREDIT,CLASSIC,U.S. REGION,US,
401243,UNITED STATES,VISA,CREDIT,CLASSIC,U.S. REGION,US,
401244,UNITED STATES,VISA,CREDIT,CLASSIC,U.S. REGION,US,
401245,UNITED STATES,VISA,CREDIT,CLASSIC,U.S. REGION,US,
401246,UNITED STATES,VISA,CREDIT,CLASSIC,U.S. REGION,US,
401247,UNITED STATES,VISA,CREDIT,CLASSIC,U.S. REGION,US,
401248,UNITED STATES,VISA,CREDIT,CLASSIC,U.S. REGION,US,
401249,UNITED STATES,VISA,CREDIT,CLASSIC,U.S. REGION,US,
401250,UNITED STATES,VISA,CREDIT,TRADITIONAL,U.S. REGION,US,
401251,UNITED STATES,VISA,CREDIT,TRADITIONAL,U.S. REGION,US,
401252,UNITED STATES,VISA,CREDIT,CLASSIC,U.S. REGION,US,
401253,UNITED STATES,VISA,CREDIT,CLASSIC,U.S. REGION,US,
401254,UNITED STATES,VISA,CREDIT,CLASSIC,U.S. REGION,US,
401255,UNITED STATES,VISA,CREDIT,CLASSIC,U.S. REGION,US,
401256,UNITED STATES,VISA,CREDIT,CLASSIC,U.S. REGION,US,
401257,UNITED STATES,VISA,CREDIT,CLASSIC,U.S. REGION,US,
401258,UNITED STATES,VISA,CREDIT,CLASSIC,U.S. REGION,US,
401259,UNITED STATES,VISA,CREDIT,CLASSIC,U.S. REGION,US,
401260,UNITED STATES,VISA,CREDIT,CLASSIC,U.S. REGION,US,
401261,UNITED STATES,VISA,CREDIT,CLASSIC,U.S. REGION,US,
401262,UNITED STATES,VISA,CREDIT,CLASSIC,U.S. REGION,US,
401263,UNITED STATES,VISA,CREDIT,CLASSIC,U.S. REGION,US,
401264,UNITED STATES,VISA,CREDIT,CLASSIC,U.S. REGION,US,
401265,UNITED STATES,VISA,CREDIT,CLASSIC,U.S. REGION,US,
401266,UNITED STATES,VISA,CREDIT,CLASSIC,U.S. REGION,US,
401267,UNITED STATES,VISA,CREDIT,CLASSIC,U.S. REGION,US,
401268,UNITED STATES,VISA,CREDIT,CLASSIC,U.S. REGION,US,
401269,UNITED STATES,VISA,CREDIT,CLASSIC,U.S. REGION,US,
401270,UNITED STATES,VISA,CREDIT,CLASSIC,U.S. REGION,US,
401271,UNITED STATES,VISA,CREDIT,CLASSIC,U.S. REGION,US,
401272,UNITED STATES,VISA,CREDIT,CLASSIC,U.S. REGION,US,
401273,UNITED STATES,VISA,CREDIT,CLASSIC,U.S. REGION,US,
401274,UNITED STATES,VISA,CREDIT,CLASSIC,U.S. REGION,US,
401275,UNITED STATES,VISA,CREDIT,CLASSIC,U.S. REGION,US,
401276,UNITED STATES,VISA,CREDIT,CLASSIC,U.S. REGION,US,
401277,UNITED STATES,VISA,CREDIT,CLASSIC,U.S. REGION,US,
401278,UNITED STATES,VISA,CREDIT,CLASSIC,U.S. REGION,US,
401279,UNITED STATES,VISA,CREDIT,CLASSIC,U.S. REGION,US,
401280,UNITED STATES,VISA,CREDIT,CLASSIC,U.S. REGION,US,
401281,UNITED STATES,VISA,CREDIT,CLASSIC,U.S. REGION,US,
401282,UNITED STATES,VISA,CREDIT,CLASSIC,U.S. REGION,US,
401283,UNITED STATES,VISA,CREDIT,CLASSIC,U.S. REGION,US,
401284,UNITED STATES,VISA,CREDIT,CLASSIC,U.S. REGION,US,
401285,UNITED STATES,VISA,CREDIT,CLASSIC,U.S. REGION,US,
401289,UNITED STATES,VISA,CREDIT,CLASSIC,U.S. REGION,US,
401290,UNITED STATES,VISA,CREDIT,CLASSIC,U.S. REGION,US,
401291,UNITED STATES,VISA,CREDIT,CLASSIC,U.S. REGION,US,
401292,UNITED STATES,VISA,CREDIT,CLASSIC,U.S. REGION,US,
401293,UNITED STATES,VISA,CREDIT,CLASSIC,U.S. REGION,US,
401294,UNITED STATES,VISA,CREDIT,CLASSIC,U.S. REGION,US,
401295,UNITED STATES,VISA,CREDIT,CLASSIC,U.S. REGION,US,
401296,UNITED STATES,VISA,CREDIT,CLASSIC,U.S. REGION,US,
401297,UNITED STATES,VISA,CREDIT,CLASSIC,U.S. REGION,US,
401298,UNITED STATES,VISA,CREDIT,CLASSIC,U.S. REGION,US,
401300,UNITED STATES,VISA,DEBIT,CLASSIC,FAIRPORT SAVINGS BANK,US,
401301,UNITED STATES,VISA,DEBIT,CLASSIC,MIDLAND CREDIT UNION,US,
401302,UNITED STATES,VISA,DEBIT,CLASSIC,MEMBERS COMMUNITY CREDIT UNION,US,
401303,UNITED STATES,VISA,DEBIT,CLASSIC,MEMBERS COMMUNITY CREDIT UNION,US,
401304,UNITED STATES,VISA,DEBIT,BUSINESS,BANK OF COMMERCE,US,
401305,UNITED STATES,VISA,CREDIT,TRADITIONAL REWARDS,TRAVIS CREDIT UNION,US,
401307,UNITED STATES,VISA,DEBIT,CLASSIC,FIRST STATE BANK,US,
401308,UNITED STATES,VISA,CREDIT,,"CITIZENS BANK, N.A.",US,
401309,UNITED STATES,VISA,CREDIT,,"CITIZENS BANK, N.A.",US,
401310,UNITED STATES,VISA,CREDIT,,"CITIZENS BANK, N.A.",US,
401311,UNITED STATES,VISA,CREDIT,,"CITIZENS BANK, N.A.",US,
401312,UNITED STATES,VISA,DEBIT,CLASSIC,FIRST INTERNET BANK OF INDIANA,US,
401313,UNITED STATES,VISA,CREDIT,CLASSIC,FIRST BANK,US,
401314,UNITED STATES,VISA,CREDIT,CLASSIC,OREGON COAST BANK,US,
401315,UNITED STATES,VISA,CREDIT,BUSINESS,BARCLAYS BANK DELAWARE,US,
401318,UNITED STATES,VISA,DEBIT,CLASSIC,"PATHWARD, N.A.",US,
401321,UNITED STATES,VISA,CREDIT,,"JPMORGAN CHASE BANK, N.A.",US,
401322,UNITED STATES,VISA,CREDIT,,"JPMORGAN CHASE BANK, N.A.",US,
401324,UNITED STATES,VISA,CREDIT,TRADITIONAL,"CITIBANK, NATIONAL ASSOCIATION - CONSUMER",US,
401327,UNITED STATES,VISA,DEBIT,PREPAID CLASSIC,REPUBLIC BANK OF CHICAGO,US,
401328,UNITED STATES,VISA,CREDIT,TRADITIONAL,COMMUNICATION FEDERAL CREDIT UNION,US,
401329,UNITED STATES,VISA,CREDIT,PLATINUM,WILSON BANK AND TRUST,US,
401330,UNITED STATES,VISA,CREDIT,TRADITIONAL,UNITED CREDIT UNION,US,
401331,UNITED STATES,VISA,DEBIT,CLASSIC,TRANSIT EMPLOYEES FEDERAL CREDIT UNION,US,
401332,UNITED STATES,VISA,DEBIT,CLASSIC,POST OFFICE EMPLOYEES CREDIT UNION,US,
401333,UNITED STATES,VISA,DEBIT,CLASSIC,FIRST LEGACY COMMUNITY CREDIT UNION,US,
401336,UNITED STATES,VISA,CREDIT,PLATINUM,BEEHIVE FEDERAL CREDIT UNION,US,
401337,UNITED STATES,VISA,CREDIT,CLASSIC,BEEHIVE FEDERAL CREDIT UNION,US,
401338,UNITED STATES,VISA,DEBIT,BUSINESS,FOUR CORNERS COMMUNITY BANK,US,
401339,UNITED STATES,VISA,CREDIT,,"KEYBANK, N.A.",US,
401341,UNITED STATES,VISA,CREDIT,TRADITIONAL REWARDS,AAC CREDIT UNION,US,
401348,UNITED STATES,VISA,DEBIT,PREPAID CLASSIC,SUTTON BANK,US,
401349,UNITED STATES,VISA,DEBIT,CLASSIC,BELCO COMMUNITY CREDIT UNION,US,
401350,UNITED STATES,VISA,DEBIT,CLASSIC,ALLNATIONS BANK,US,
401351,UNITED STATES,VISA,CREDIT,TRADITIONAL,"TRANSPORTATION ALLIANCE BANK, INC. D/B/A TAB BANK",US,
401354,UNITED STATES,VISA,CREDIT,TRADITIONAL,"CITIBANK, NATIONAL ASSOCIATION - CONSUMER",US,
401355,UNITED STATES,VISA,DEBIT,CLASSIC,MERIDIAN MISSISSIPPI ANG FEDERAL CREDIT UNION,US,
401356,UNITED STATES,VISA,DEBIT,CLASSIC,HOPE FEDERAL CREDIT UNION,US,
401357,UNITED STATES,VISA,DEBIT,CLASSIC,BANK OF COMMERCE,US,
401358,UNITED STATES,VISA,CREDIT,CLASSIC,STATE FARM BANK,US,
401360,UNITED STATES,VISA,CREDIT,SIGNATURE,"CITIBANK, NATIONAL ASSOCIATION - CONSUMER",US,
401361,UNITED STATES,VISA,DEBIT,CLASSIC,DIAMOND FEDERAL CREDIT UNION,US,
401362,UNITED STATES,VISA,CREDIT,CLASSIC,MISSISSIPPI FEDERAL CREDIT UNION,US,
401363,UNITED STATES,VISA,DEBIT,CLASSIC,MINNESOTA LAKES BANK,US,
401364,UNITED STATES,VISA,DEBIT,CLASSIC,"TRANSPECOS BANKS, SSB",US,
401365,UNITED STATES,VISA,CREDIT,,MEMBERS COMMUNITY CREDIT UNION,US,
401366,UNITED STATES,VISA,DEBIT,PREPAID CLASSIC,SIMPLOT EMPLOYEES CREDIT UNION,US,
401368,UNITED STATES,VISA,DEBIT,CLASSIC,LINEAGE BANK,US,
401369,UNITED STATES,VISA,CREDIT,TRADITIONAL,"CITIBANK, NATIONAL ASSOCIATION - CONSUMER",US,
401371,UNITED STATES,VISA,CREDIT,,"WELLS FARGO BANK, N.A.",US,
401372,UNITED STATES,VISA,CREDIT,,"WELLS FARGO BANK, N.A.",US,
401373,UNITED STATES,VISA,CREDIT,,"WELLS FARGO BANK, N.A.",US,
401374,UNITED STATES,VISA,CREDIT,,"WELLS FARGO BANK, N.A.",US,
401378,UNITED STATES,VISA,DEBIT,CLASSIC,"CONNEX CREDIT UNION, INC.",US,
401382,UNITED STATES,VISA,CREDIT,CLASSIC,SUPERIOR CREDIT UNION,US,
401384,UNITED STATES,VISA,CREDIT,TRADITIONAL,CENTRAL BANK,US,
401385,UNITED STATES,VISA,CREDIT,TRADITIONAL,CENTRAL BANK,US,
401386,UNITED STATES,VISA,CREDIT,BUSINESS,CENTRAL BANK,US,
401387,UNITED STATES,VISA,CREDIT,BUSINESS,CENTRAL BANK,US,
401388,UNITED STATES,VISA,DEBIT,BUSINESS,SUNCOAST CREDIT UNION,US,
401389,UNITED STATES,VISA,DEBIT,PREPAID CLASSIC,WASHINGTON STATE EMPLOYEES CREDIT UNION,US,
401390,UNITED STATES,VISA,DEBIT,PREPAID,WASHINGTON STATE EMPLOYEES CREDIT UNION,US,
401391,UNITED STATES,VISA,CREDIT,,"CITIBANK, N.A.",US,
401392,UNITED STATES,VISA,CREDIT,,"WELLS FARGO BANK, N.A.",US,
401393,UNITED STATES,VISA,CREDIT,,"WELLS FARGO BANK, N.A.",US,
401394,UNITED STATES,VISA,CREDIT,,"WELLS FARGO BANK, N.A.",US,
401395,UNITED STATES,VISA,CREDIT,,"WELLS FARGO BANK, N.A.",US,
401396,UNITED STATES,VISA,CREDIT,,"WELLS FARGO BANK, N.A.",US,
401398,UNITED STATES,VISA,CREDIT,TRADITIONAL,U.S. BANK NATIONAL ASSOCIATION-CREDIT,US,
401399,UNITED STATES,VISA,CREDIT,,"WEBSTER BANK, N.A.",US,
401400,UNITED STATES,VISA,DEBIT,BUSINESS,"U.S. BANK, N.A.",US,
401401,UNITED STATES,VISA,CREDIT,BUSINESS,U.S. BANK NATIONAL ASSOCIATION-CREDIT,US,
401402,UNITED STATES,VISA,CREDIT,BUSINESS,U.S. BANK NATIONAL ASSOCIATION-CREDIT,US,
401404,UNITED STATES,VISA,CREDIT,BUSINESS,U.S. BANK NATIONAL ASSOCIATION-CREDIT,US,
401405,UNITED STATES,VISA,CREDIT,BUSINESS,U.S. BANK NATIONAL ASSOCIATION-CREDIT,US,
401406,UNITED STATES,VISA,CREDIT,BUSINESS,U.S. BANK NATIONAL ASSOCIATION-CREDIT,US,
401407,UNITED STATES,VISA,CREDIT,BUSINESS,U.S. BANK NATIONAL ASSOCIATION-CREDIT,US,
401408,UNITED STATES,VISA,CREDIT,BUSINESS,U.S. BANK NATIONAL ASSOCIATION-CREDIT,US,
401409,UNITED STATES,VISA,CREDIT,BUSINESS,U.S. BANK NATIONAL ASSOCIATION-CREDIT,US,
401410,UNITED STATES,VISA,DEBIT,BUSINESS,U.S. BANK NATIONAL ASSOCIATION,US,
401411,UNITED STATES,VISA,DEBIT,BUSINESS,U.S. BANK NATIONAL ASSOCIATION,US,
401412,UNITED STATES,VISA,CREDIT,BUSINESS,U.S. BANK NATIONAL ASSOCIATION-CREDIT,US,
401413,UNITED STATES,VISA,CREDIT,BUSINESS,U.S. BANK NATIONAL ASSOCIATION-CREDIT,US,
401414,UNITED STATES,VISA,CREDIT,BUSINESS,U.S. BANK NATIONAL ASSOCIATION-CREDIT,US,
401415,UNITED STATES,VISA,CREDIT,TRADITIONAL,USAA FEDERAL SAVINGS BANK - CREDIT,US,
401416,UNITED STATES,VISA,CREDIT,TRADITIONAL,FIRST NATIONAL BANK OF OMAHA,US,
401417,UNITED STATES,VISA,CREDIT,TRADITIONAL,IDAHO CENTRAL CREDIT UNION,US,
401418,UNITED STATES,VISA,DEBIT,PREPAID CLASSIC,"COMMERCE BANCSHARES, INC.",US,
401419,UNITED STATES,VISA,DEBIT,PREPAID,CALIFORNIA BANK &amp; TRUST,US,
401420,UNITED STATES,VISA,DEBIT,PREPAID CLASSIC,"COMMERCE BANCSHARES, INC.",US,
401421,UNITED STATES,VISA,CREDIT,BUSINESS,TRUIST BANK - CREDIT,US,
401422,UNITED STATES,VISA,CREDIT,TRADITIONAL,"COMMERCE BANCSHARES, INC.",US,
401423,UNITED STATES,VISA,CREDIT,TRADITIONAL,"COMMERCE BANCSHARES, INC.",US,
401424,UNITED STATES,VISA,CREDIT,TRADITIONAL,"COMMERCE BANCSHARES, INC.",US,
401425,UNITED STATES,VISA,CREDIT,TRADITIONAL,TRUIST BANK - CREDIT,US,
401426,UNITED STATES,VISA,CREDIT,TRADITIONAL,TRUIST BANK - CREDIT,US,
401427,UNITED STATES,VISA,CREDIT,TRADITIONAL,TRUIST BANK - CREDIT,US,
401428,UNITED STATES,VISA,CREDIT,BUSINESS,TRUIST BANK - CREDIT,US,
401429,UNITED STATES,VISA,CREDIT,TRADITIONAL,AMERICA FIRST FEDERAL CREDIT UNION,US,
401430,UNITED STATES,VISA,DEBIT,CLASSIC,AMERICA FIRST FEDERAL CREDIT UNION,US,
401431,UNITED STATES,VISA,CREDIT,TRADITIONAL,AMERICA FIRST FEDERAL CREDIT UNION,US,
401432,UNITED STATES,VISA,DEBIT,CLASSIC,AMERICA FIRST FEDERAL CREDIT UNION,US,
401433,UNITED STATES,VISA,CREDIT,TRADITIONAL,AMERICA FIRST FEDERAL CREDIT UNION,US,
401434,UNITED STATES,VISA,CREDIT,SIGNATURE,"INTERPAYMENT SERVICES, LTD.",US,
401435,UNITED STATES,VISA,DEBIT,CLASSIC,"THE BANCORP BANK, NATIONAL ASSOCIATION",US,
401436,UNITED STATES,VISA,DEBIT,CLASSIC,SUNLIGHT FEDERAL CREDIT UNION,US,
401437,UNITED STATES,VISA,DEBIT,CLASSIC,FREMONT BANK,US,
401438,UNITED STATES,VISA,DEBIT,CLASSIC,UNIVERSITY OF WISCONSIN CREDIT UNION,US,
401439,UNITED STATES,VISA,CREDIT,CLASSIC,SHARE ADVANTAGE CREDIT UNION,US,
401440,UNITED STATES,VISA,CREDIT,CLASSIC,TCF BANK,US,
401441,UNITED STATES,VISA,CREDIT,CLASSIC,TCF BANK,US,
401442,UNITED STATES,VISA,CREDIT,CLASSIC,TCF BANK,US,
401443,UNITED STATES,VISA,CREDIT,CLASSIC,TCF BANK,US,
401444,UNITED STATES,VISA,CREDIT,CLASSIC,TCF BANK,US,
401445,UNITED STATES,VISA,CREDIT,TRADITIONAL,UNIVERSITY OF WISCONSIN CREDIT UNION,US,
401446,UNITED STATES,VISA,CREDIT,CLASSIC,UNIVERSITY OF WISCONSIN CREDIT UNION,US,
401447,UNITED STATES,VISA,DEBIT,CLASSIC,FREMONT BANK,US,
401448,UNITED STATES,VISA,DEBIT,BUSINESS,TCF BANK,US,
401449,UNITED STATES,VISA,DEBIT,BUSINESS,TCF BANK,US,
401450,UNITED STATES,VISA,DEBIT,BUSINESS,TCF BANK,US,
401451,UNITED STATES,VISA,DEBIT,BUSINESS,TCF BANK,US,
401452,UNITED STATES,VISA,DEBIT,BUSINESS,TCF BANK,US,
401453,UNITED STATES,VISA,DEBIT,CLASSIC,TCF BANK,US,
401454,UNITED STATES,VISA,DEBIT,CLASSIC,TCF BANK,US,
401455,UNITED STATES,VISA,DEBIT,CLASSIC,TCF BANK,US,
401456,UNITED STATES,VISA,DEBIT,CLASSIC,FREMONT BANK,US,
401457,UNITED STATES,VISA,CREDIT,TRADITIONAL REWARDS,UNIVERSITY OF WISCONSIN CREDIT UNION,US,
401458,UNITED STATES,VISA,CREDIT,TRADITIONAL,UNIVERSITY OF WISCONSIN CREDIT UNION,US,
401459,UNITED STATES,VISA,CREDIT,TRADITIONAL,UNIVERSITY OF WISCONSIN CREDIT UNION,US,
401460,UNITED STATES,VISA,DEBIT,BUSINESS,"FIRST FEDERAL BANK LITTLEFIELD, TEXAS",US,
401461,UNITED STATES,VISA,DEBIT,CLASSIC,TCF BANK,US,
401462,UNITED STATES,VISA,CREDIT,CLASSIC,TCF BANK,US,
401463,UNITED STATES,VISA,DEBIT,CLASSIC,TCF BANK,US,
401464,UNITED STATES,VISA,DEBIT,BUSINESS,TCF BANK,US,
401465,UNITED STATES,VISA,DEBIT,CLASSIC,NATIONAL INSTITUTES OF HEALTH FEDERAL CREDIT UNION,US,
401466,UNITED STATES,VISA,CREDIT,TRADITIONAL,FIRST HORIZON BANK,US,
401467,UNITED STATES,VISA,CREDIT,TRADITIONAL,FIRST HORIZON BANK,US,
401468,UNITED STATES,VISA,CREDIT,TRADITIONAL REWARDS,FAIRWINDS CREDIT UNION,US,
401469,UNITED STATES,VISA,CREDIT,TRADITIONAL REWARDS,FAIRWINDS CREDIT UNION,US,
401470,UNITED STATES,VISA,CREDIT,TRADITIONAL REWARDS,FAIRWINDS CREDIT UNION,US,
401471,UNITED STATES,VISA,CREDIT,BUSINESS,FAIRWINDS CREDIT UNION,US,
401472,UNITED STATES,VISA,CREDIT,TRADITIONAL,"CAPITAL ONE, NATIONAL ASSOCIATION",US,
401473,UNITED STATES,VISA,CREDIT,SIGNATURE,FIRST HORIZON BANK,US,
401474,UNITED STATES,VISA,CREDIT,TRADITIONAL,FIRST HORIZON BANK,US,
401475,UNITED STATES,VISA,DEBIT,CLASSIC,FIRST HORIZON BANK,US,
401476,UNITED STATES,VISA,DEBIT,CLASSIC,FIRST HORIZON BANK,US,
401477,UNITED STATES,VISA,DEBIT,CLASSIC,FIRST HORIZON BANK,US,
401478,UNITED STATES,VISA,DEBIT,CLASSIC,FIRST HORIZON BANK,US,
401479,UNITED STATES,VISA,CREDIT,TRADITIONAL,FIRST HORIZON BANK,US,
401480,UNITED STATES,VISA,CREDIT,TRADITIONAL REWARDS,FIRST HORIZON BANK,US,
401481,UNITED STATES,VISA,DEBIT,CLASSIC,FIRST HORIZON BANK,US,
401482,UNITED STATES,VISA,DEBIT,BUSINESS,FIRST HORIZON BANK,US,
401483,UNITED STATES,VISA,DEBIT,BUSINESS,FIRST HORIZON BANK,US,
401484,UNITED STATES,VISA,DEBIT,CLASSIC,FIRST HORIZON BANK,US,
401485,UNITED STATES,VISA,CREDIT,CLASSIC,FAIRWINDS CREDIT UNION,US,
401486,UNITED STATES,VISA,CREDIT,TRADITIONAL,FIRST HORIZON BANK,US,
401487,UNITED STATES,VISA,CREDIT,BUSINESS,FAIRWINDS CREDIT UNION,US,
401488,UNITED STATES,VISA,CREDIT,TRADITIONAL,FAIRWINDS CREDIT UNION,US,
401489,UNITED STATES,VISA,CREDIT,BUSINESS,FIRST HORIZON BANK,US,
401490,UNITED STATES,VISA,CREDIT,CLASSIC,SPOKANE TEACHERS CREDIT UNION,US,
401491,UNITED STATES,VISA,DEBIT,CLASSIC,"COMMERCE BANCSHARES, INC.",US,
401492,UNITED STATES,VISA,DEBIT,BUSINESS,"COMMERCE BANCSHARES, INC.",US,
401493,UNITED STATES,VISA,DEBIT,CLASSIC,"COMMERCE BANCSHARES, INC.",US,
401494,UNITED STATES,VISA,DEBIT,CLASSIC,"COMMERCE BANCSHARES, INC.",US,
401495,UNITED STATES,VISA,CREDIT,CLASSIC,SPOKANE TEACHERS CREDIT UNION,US,
401496,UNITED STATES,VISA,CREDIT,CLASSIC,SPOKANE TEACHERS CREDIT UNION,US,
401497,UNITED STATES,VISA,DEBIT,CLASSIC,"COMMERCE BANCSHARES, INC.",US,
401498,UNITED STATES,VISA,CREDIT,BUSINESS,"FISERV SOLUTIONS, LLC",US,
401499,UNITED STATES,VISA,DEBIT,CLASSIC,CUSTOMERS BANK,US,
401505,UNITED STATES,VISA,CREDIT,TRADITIONAL,U.S. BANK NATIONAL ASSOCIATION-CREDIT,US,
401507,UNITED STATES,VISA,DEBIT,CLASSIC,LAMAR BANK AND TRUST COMPANY,US,
401514,UNITED STATES,VISA,CREDIT,,,US,
401515,UNITED STATES,VISA,CREDIT,,,US,
401516,UNITED STATES,VISA,CREDIT,,,US,
401517,UNITED STATES,VISA,CREDIT,,BARCLAYS BANK,US,
401518,UNITED STATES,VISA,CREDIT,,,US,
401519,UNITED STATES,VISA,CREDIT,,,US,
401521,UNITED STATES,VISA,DEBIT,CLASSIC,TITAN FEDERAL CREDIT UNION,US,
401522,UNITED STATES,VISA,DEBIT,PREPAID CLASSIC,"THE BANCORP BANK, NATIONAL ASSOCIATION",US,
401523,UNITED STATES,VISA,DEBIT,PREPAID CLASSIC,"THE BANCORP BANK, NATIONAL ASSOCIATION",US,
401524,UNITED STATES,VISA,DEBIT,PREPAID CLASSIC,"THE BANCORP BANK, NATIONAL ASSOCIATION",US,
401525,UNITED STATES,VISA,CREDIT,,,US,
401526,UNITED STATES,VISA,DEBIT,PREPAID WORKPLACE BENEFITS,"THE BANCORP BANK, NATIONAL ASSOCIATION",US,
401528,UNITED STATES,VISA,CREDIT,CLASSIC,"WASHINGTON FEDERAL, NATIONAL ASSOCIATION",US,
401529,UNITED STATES,VISA,DEBIT,CLASSIC,SIOUX VALLEY COMMUNITY CREDIT UNION,US,
401531,UNITED STATES,VISA,DEBIT,CLASSIC,SSB BANK,US,
401532,UNITED STATES,VISA,CREDIT,TRADITIONAL,FIRST NATIONAL BANK OF OMAHA,US,
401533,UNITED STATES,VISA,DEBIT,BUSINESS,,US,
401534,UNITED STATES,VISA,DEBIT,CLASSIC,GREAT LAKES FIRST FEDERAL CREDIT UNION,US,
401535,UNITED STATES,VISA,DEBIT,PREPAID CLASSIC,"THE BANCORP BANK, NATIONAL ASSOCIATION",US,
401536,UNITED STATES,VISA,DEBIT,PREPAID CLASSIC,"THE BANCORP BANK, NATIONAL ASSOCIATION",US,
401537,UNITED STATES,VISA,DEBIT,CLASSIC,HURON NATIONAL BANK,US,
401538,UNITED STATES,VISA,DEBIT,CLASSIC,NATIONAL INSTITUTES OF HEALTH FEDERAL CREDIT UNION,US,
401539,UNITED STATES,VISA,DEBIT,CLASSIC,SOUTHWEST FINANCIAL FEDERAL CREDIT UNION,US,
401540,UNITED STATES,VISA,CREDIT,TRADITIONAL,SOUTHWEST FINANCIAL FEDERAL CREDIT UNION,US,
401541,UNITED STATES,VISA,CREDIT,CLASSIC,COLUMBUS BANK AND TRUST COMPANY,US,
401542,UNITED STATES,VISA,DEBIT,BUSINESS,"WASHINGTON FEDERAL, NATIONAL ASSOCIATION",US,
401543,UNITED STATES,VISA,DEBIT,CLASSIC,"WASHINGTON FEDERAL, NATIONAL ASSOCIATION",US,
401544,UNITED STATES,VISA,CREDIT,CLASSIC,COLUMBUS BANK AND TRUST COMPANY,US,
401545,UNITED STATES,VISA,DEBIT,PREPAID CLASSIC,PEOPLES FIRST SAVINGS BANK,US,
401546,UNITED STATES,VISA,CREDIT,TRADITIONAL,AMERICAN SOUTHWEST CREDIT UNION,US,
401547,UNITED STATES,VISA,DEBIT,BUSINESS,GREAT LAKES FIRST FEDERAL CREDIT UNION,US,
401548,UNITED STATES,VISA,CREDIT,TRADITIONAL,CATHOLIC VANTAGE FINANCIAL,US,
401549,UNITED STATES,VISA,CREDIT,TRADITIONAL,CBC FEDERAL CREDIT UNION,US,
401551,UNITED STATES,VISA,CREDIT,TRADITIONAL,INTL HDQTRS-CENTER OWNED,US,
401554,UNITED STATES,VISA,CREDIT,,,US,
401572,UNITED STATES,VISA,CREDIT,BUSINESS,SOLVAY BANK,US,
401577,UNITED STATES,VISA,CREDIT,SIGNATURE,HUDSON VALLEY CREDIT UNION,US,
401582,UNITED STATES,VISA,CREDIT,,,US,
401590,UNITED STATES,VISA,DEBIT,BUSINESS,ROSWELL COMMUNITY FEDERAL CREDIT UNION,US,
401597,UNITED STATES,VISA,CREDIT,,,US,
401599,UNITED STATES,VISA,CREDIT,,,US,
401603,UNITED STATES,VISA,DEBIT,BUSINESS,"SUNFLOWER BANK, NATIONAL ASSOCIATION",US,
401604,UNITED STATES,VISA,DEBIT,CLASSIC,TEAMSTERS CREDIT UNION,US,
401609,UNITED STATES,VISA,CREDIT,TRADITIONAL,NEW BRUNSWICK POSTAL FEDERAL CREDIT UNION,US,
401612,UNITED STATES,VISA,CREDIT,TRADITIONAL,APL FEDERAL CREDIT UNION,US,
401614,UNITED STATES,VISA,DEBIT,CLASSIC,HARVESTER&#039;S FEDERAL CREDIT UNION,US,
401615,UNITED STATES,VISA,DEBIT,BUSINESS,THE FIRST NATIONAL BANK OF GRANBURY,US,
401617,UNITED STATES,VISA,DEBIT,BUSINESS,THE WATERFORD COMMERCIAL AND SAVINGS BANK,US,
401619,UNITED STATES,VISA,DEBIT,BUSINESS,COGENT BANK,US,
401621,UNITED STATES,VISA,DEBIT,BUSINESS,PINNACLE BANK,US,
401625,UNITED STATES,VISA,DEBIT,CLASSIC,THREAD BANK,US,
401626,UNITED STATES,VISA,DEBIT,CLASSIC,CITIZENS FIRST BANK,US,
401627,UNITED STATES,VISA,DEBIT,CLASSIC,WEST CENTRAL BANK,US,
401628,UNITED STATES,VISA,DEBIT,CLASSIC,GLYNN COUNTY FEDERAL EMPLOYEES CREDIT UNION,US,
401629,UNITED STATES,VISA,DEBIT,CLASSIC,JM ASSOCIATES FEDERAL CREDIT UNION,US,
401634,UNITED STATES,VISA,CREDIT,TRADITIONAL,FIRST SERVICE CREDIT UNION,US,
401638,UNITED STATES,VISA,DEBIT,BUSINESS,FIRSTMARK CREDIT UNION,US,
401641,UNITED STATES,VISA,CREDIT,TRADITIONAL,COPOCO COMMUNITY CREDIT UNION,US,
401644,UNITED STATES,VISA,DEBIT,CLASSIC,LAND OF LINCOLN CREDIT UNION,US,
401650,UNITED STATES,VISA,CREDIT,TRADITIONAL,CROSSPOINT FEDERAL CREDIT UNION,US,
401654,UNITED STATES,VISA,DEBIT,PREPAID CLASSIC,CITIZENS COMMUNITY FEDERAL,US,
401655,UNITED STATES,VISA,DEBIT,CLASSIC,"FIRST FEDERAL BANK, A FSB",US,
401656,UNITED STATES,VISA,DEBIT,CLASSIC,STALEY CREDIT UNION,US,
401657,UNITED STATES,VISA,DEBIT,CLASSIC,FARMERS BANK AND TRUST COMPANY,US,
401658,UNITED STATES,VISA,DEBIT,PREPAID PRIVATE LABEL STANDARD,STOCK YARDS BANK,US,
401659,UNITED STATES,VISA,DEBIT,CLASSIC,"PBK BANK, INC.",US,
401660,UNITED STATES,VISA,DEBIT,CLASSIC,ALABAMA TEACHERS CREDIT UNION,US,
401661,UNITED STATES,VISA,DEBIT,PREPAID RELOADABLE,METABANK,US,
401666,UNITED STATES,VISA,DEBIT,CLASSIC,BRIGHTSTAR CREDIT UNION,US,
401667,UNITED STATES,VISA,CREDIT,,,US,
401668,UNITED STATES,VISA,CREDIT,TRADITIONAL,U.S. BANK NATIONAL ASSOCIATION-CREDIT,US,
401670,UNITED STATES,VISA,DEBIT,CLASSIC,HOMETRUST BANK,US,
401671,UNITED STATES,VISA,DEBIT,CLASSIC,"WELLS FARGO BANK, N.A.",US,
401672,UNITED STATES,VISA,DEBIT,CLASSIC,CHEROKEE COUNTY FEDERAL CREDIT UNION,US,
401673,UNITED STATES,VISA,DEBIT,CLASSIC,FIRST AMERICAN BANK,US,
401674,UNITED STATES,VISA,DEBIT,CLASSIC,MIDFLORIDA CREDIT UNION,US,
401679,UNITED STATES,VISA,CREDIT,,MERRICK BANK,US,
401685,UNITED STATES,VISA,DEBIT,CLASSIC,BLACK HILLS FEDERAL CREDIT UNION,US,
401686,UNITED STATES,VISA,CREDIT,TRADITIONAL,"COMMERCE BANCSHARES, INC.",US,
401687,UNITED STATES,VISA,CREDIT,TRADITIONAL,PARTNERS FEDERAL CREDIT UNION,US,
401688,UNITED STATES,VISA,CREDIT,TRADITIONAL,PARTNERS FEDERAL CREDIT UNION,US,
401691,UNITED STATES,VISA,DEBIT,CLASSIC,AMERICAN BANK &amp; TRUST COMPANY,US,
401695,UNITED STATES,VISA,CREDIT,CLASSIC,STATE BANK OF BEMENT,US,
401697,UNITED STATES,VISA,DEBIT,CLASSIC,THE CREDIT UNION FOR ALL,US,
401699,UNITED STATES,VISA,DEBIT,BUSINESS,,US,
401700,UNITED STATES,VISA,CREDIT,,VISA DPS,US,
401701,UNITED STATES,VISA,CREDIT,TRADITIONAL,"CITIBANK, NATIONAL ASSOCIATION - CONSUMER",US,
401702,UNITED STATES,VISA,CREDIT,TRADITIONAL REWARDS,PARTNERS 1ST FEDERAL CREDIT UNION,US,
401703,UNITED STATES,VISA,CREDIT,BUSINESS,PARTNERS 1ST FEDERAL CREDIT UNION,US,
401705,UNITED STATES,VISA,DEBIT,BUSINESS,EQUITABLE BANK,US,
401706,UNITED STATES,VISA,CREDIT,TRADITIONAL,"CITIBANK, NATIONAL ASSOCIATION - CONSUMER",US,
401707,UNITED STATES,VISA,DEBIT,PREPAID RELOADABLE,METABANK,US,
401709,UNITED STATES,VISA,DEBIT,CLASSIC,INDIANA MEMBERS CREDIT UNION,US,
401714,UNITED STATES,VISA,DEBIT,CLASSIC,"WELLS FARGO BANK, N.A.",US,
401715,UNITED STATES,VISA,DEBIT,BUSINESS,FAMILY BANK,US,
401716,UNITED STATES,VISA,CREDIT,CLASSIC,PRESIDENTS FEDERAL CREDIT UNION,US,
401717,UNITED STATES,VISA,CREDIT,SIGNATURE,MIDFIRST BANK,US,
401718,UNITED STATES,VISA,DEBIT,BUSINESS,"THE CITIZENS BANK OF PHILADELPHIA, MISSISSIPPI",US,
401719,UNITED STATES,VISA,DEBIT,CLASSIC,CHELSEA GROTON BANK,US,
401720,UNITED STATES,VISA,CREDIT,BUSINESS,SIU CREDIT UNION,US,
401721,UNITED STATES,VISA,DEBIT,CLASSIC,ALTONIZED COMMUNITY FEDERAL CREDIT UNION,US,
401723,UNITED STATES,VISA,CREDIT,TRADITIONAL,GROW FINANCIAL FEDERAL CREDIT UNION,US,
401724,UNITED STATES,VISA,CREDIT,TRADITIONAL,1ST FINANCIAL BANK USA,US,
401725,UNITED STATES,VISA,CREDIT,TRADITIONAL,PARTNERS FEDERAL CREDIT UNION,US,
401726,UNITED STATES,VISA,DEBIT,CLASSIC,MAROON FINANCIAL CREDIT UNION,US,
401730,UNITED STATES,VISA,DEBIT,CLASSIC,FIRST OKLAHOMA FEDERAL CREDIT UNION,US,
401732,UNITED STATES,VISA,CREDIT,TRADITIONAL,UKRAINIAN FEDERAL CREDIT UNION,US,
401737,UNITED STATES,VISA,CREDIT,,,US,
401740,UNITED STATES,VISA,DEBIT,CLASSIC,ROSWELL COMMUNITY FEDERAL CREDIT UNION,US,
401741,UNITED STATES,VISA,CREDIT,TRADITIONAL,GESA CREDIT UNION,US,
401743,UNITED STATES,VISA,DEBIT,PREPAID CLASSIC,SUTTON BANK,US,
